<?xml version='1.0' encoding='UTF-8'?>
<?repositoryDigest version='0.0.1'?>
<repositoryDigest>
  <repository>
    <property name='LayoutPolicy' value='P1'/>
    <property name='LayoutPolicyVersion' value='0.0.0.1'/>
    <fix id='com.ibm.developer.zsystems.v141_14.1.3.1.fix-WI_74569_V14131' version='1.0.0.20180824_1232' offeringId='com.ibm.developer.zsystems.v141' offeringVersion='14.1.301.20180721_0144'>
      <information name='WI_74569_V14131'>
        Support complex dynamic CALL
      </information>
      <property name='recommended' value='true'/>
      <property name='offering.type' value=''/>
      <property name='default.profile' value=''/>
      <property name='default.user.profile' value=''/>
      <property name='vendor.name' value=''/>
      <property name='offering.service.repositories' value=''/>
      <file name='Fixes/com.ibm.developer.zsystems.v141_14.1.3.1.fix-WI_74569_V14131_1.0.0.20180824_1232.fix'/>
    </fix>
  </repository>
</repositoryDigest>
