<?xml version="1.0" encoding="UTF-8"?>
<?atoc version='0.0.1'?>
<cset q="feature" >
<summary  count="1"  totalSize="537" >
<digs da="MD5"  count="1" />
</summary>
<cset id="WI_74569_V14131" >
<summary  count="1"  totalSize="537" >
<digs da="MD5"  count="1" />
</summary>
<cset v="1.*" >
<summary  count="1"  totalSize="537" >
<digs da="MD5"  count="1" />
</summary>
<cset p="*" >
<summary  count="1"  totalSize="537" >
<digs da="MD5"  count="1" />
</summary>
<af id="WI_74569_V14131"  v="1.0.0"  p=""  ex="false"  sz="537" >
<dig da="MD5"  dv="1cee8c6504b2bd7bfe1e4361f404030b" />

</af>
</cset>
</cset>
</cset>
</cset>