<?xml version="1.0" encoding="UTF-8"?>
<?atoc version='0.0.1'?>
<cset q="plugin" >
<summary  count="6"  totalSize="2079113" >
<digs da="MD5"  count="6" />
</summary>
<cset id="com.ibm.etools*" >
<summary  count="6"  totalSize="2079113" >
<digs da="MD5"  count="6" />
</summary>
<cset v="2.*" >
<summary  count="1"  totalSize="249247" >
<digs da="MD5"  count="1" />
</summary>
<cset p="*" >
<summary  count="1"  totalSize="249247" >
<digs da="MD5"  count="1" />
</summary>
<af id="com.ibm.etools.zunit.ast"  v="2.0.2.v201808241120"  p=""  ex="false"  sz="249247" >
<dig da="MD5"  dv="2b682430cd573cff5a1b4949cc6e1c12" />

</af>
</cset>
</cset>
<cset v="1.*" >
<summary  count="5"  totalSize="1829866" >
<digs da="MD5"  count="5" />
</summary>
<cset p="*" >
<summary  count="5"  totalSize="1829866" >
<digs da="MD5"  count="5" />
</summary>
<af id="com.ibm.etools.zunit.ui.editor"  v="1.0.3.v201808241120"  p=""  ex="false"  sz="622165" >
<dig da="MD5"  dv="945f07e9172fd8c5cda476ba9d97a991" />

</af>
<af id="com.ibm.etools.zunit.ui"  v="1.2.4.v201808241120"  p=""  ex="false"  sz="760832" >
<dig da="MD5"  dv="b5c26f6dab43088293f017f8843b2c7c" />

</af>
<af id="com.ibm.etools.zunit.batch.model"  v="1.1.101.v201808241120"  p=""  ex="false"  sz="150659" >
<dig da="MD5"  dv="93799942b364ae9f6b7435e1d3983c5c" />

</af>
<af id="com.ibm.etools.zunit.common"  v="1.3.101.v201808241120"  p=""  ex="false"  sz="62954" >
<dig da="MD5"  dv="a73a4ad37fcf40bbe23e90b84c23338d" />

</af>
<af id="com.ibm.etools.zunit.batch"  v="1.0.5.v201808241120"  p=""  ex="false"  sz="233256" >
<dig da="MD5"  dv="3e0649e17d6c5a8705c3e100c9e1148f" />

</af>
</cset>
</cset>
</cset>
</cset>