<?xml version='1.0' encoding='UTF-8'?>
<?atoc version='0.0.2'?>
<atoc>
<summary  count='7'  totalSize='2079650' >
<digs da='MD5'  count='7' />
</summary>
<cset n='eclipse' >
<summary  count='7'  totalSize='2079650' >
<digs da='MD5'  count='7' />
</summary>
<cset q='plugin'  href='nq/eclipse_plugin.xml'  size='1721' md5='8ce61ccf21739e88f3b272b724e0a3c2'>
<summary  count='6'  totalSize='2079113' >
<digs da='MD5'  count='6' />
</summary>
</cset>
<cset q='feature'  href='nq/eclipse_feature.xml'  size='644' md5='61699237bd1e5aad95b9c9a391f4acee'>
<summary  count='1'  totalSize='537' >
<digs da='MD5'  count='1' />
</summary>
</cset>
</cset></atoc>