<?xml version='1.0' encoding='UTF-8'?>
<?metadataRepository version='1.1.0'?>
<repository name='Cic P2 Internal' type='org.eclipse.equinox.internal.p2.metadata.repository.LocalMetadataRepository' version='1'>
  <properties size='2'>
    <property name='p2.timestamp' value='1535081539581'/>
    <property name='p2.compressed' value='false'/>
  </properties>
  <units size='13'>
    <unit id='tooling.source.default' version='1.0.0' singleton='false'>
      <hostRequirements size='1'>
        <required namespace='org.eclipse.equinox.p2.eclipse.type' name='source' range='0.0.0' optional='true' multiple='true' greedy='false'/>
      </hostRequirements>
      <properties size='1'>
        <property name='org.eclipse.equinox.p2.type.fragment' value='true'/>
      </properties>
      <provides size='2'>
        <provided namespace='org.eclipse.equinox.p2.iu' name='tooling.source.default' version='1.0.0'/>
        <provided namespace='org.eclipse.equinox.p2.flavor' name='tooling' version='1.0.0'/>
      </provides>
      <requires size='1'>
        <required namespace='org.eclipse.equinox.p2.eclipse.type' name='source' range='0.0.0' optional='true' multiple='true' greedy='false'/>
      </requires>
      <touchpoint id='null' version='0.0.0'/>
      <touchpointData size='1'>
        <instructions size='2'>
          <instruction key='uninstall'>
            removeSourceBundle(bundle:${artifact})
          </instruction>
          <instruction key='install'>
            addSourceBundle(bundle:${artifact})
          </instruction>
        </instructions>
      </touchpointData>
    </unit>
    <unit id='WI_74569_V14131.feature.group' version='1.0.0' singleton='false'>
      <patchScope>
        <scope>
          <requires size='1'>
            <required namespace='org.eclipse.equinox.p2.iu' name='com.ibm.etools.zunit.feature.feature.group' range='0.0.0'/>
          </requires>
        </scope>
      </patchScope>
      <changes>
        <change>
          <from>
            <required namespace='org.eclipse.equinox.p2.iu' name='com.ibm.etools.zunit.ast' range='0.0.0'/>
          </from>
          <to>
            <required namespace='org.eclipse.equinox.p2.iu' name='com.ibm.etools.zunit.ast' range='[2.0.2.v201808241120,2.0.2.v201808241120]'/>
          </to>
        </change>
        <change>
          <from>
            <required namespace='org.eclipse.equinox.p2.iu' name='com.ibm.etools.zunit.batch' range='0.0.0'/>
          </from>
          <to>
            <required namespace='org.eclipse.equinox.p2.iu' name='com.ibm.etools.zunit.batch' range='[1.0.5.v201808241120,1.0.5.v201808241120]'/>
          </to>
        </change>
        <change>
          <from>
            <required namespace='org.eclipse.equinox.p2.iu' name='com.ibm.etools.zunit.common' range='0.0.0'/>
          </from>
          <to>
            <required namespace='org.eclipse.equinox.p2.iu' name='com.ibm.etools.zunit.common' range='[1.3.101.v201808241120,1.3.101.v201808241120]'/>
          </to>
        </change>
        <change>
          <from>
            <required namespace='org.eclipse.equinox.p2.iu' name='com.ibm.etools.zunit.ui' range='0.0.0'/>
          </from>
          <to>
            <required namespace='org.eclipse.equinox.p2.iu' name='com.ibm.etools.zunit.ui' range='[1.2.4.v201808241120,1.2.4.v201808241120]'/>
          </to>
        </change>
        <change>
          <from>
            <required namespace='org.eclipse.equinox.p2.iu' name='com.ibm.etools.zunit.ui.editor' range='0.0.0'/>
          </from>
          <to>
            <required namespace='org.eclipse.equinox.p2.iu' name='com.ibm.etools.zunit.ui.editor' range='[1.0.3.v201808241120,1.0.3.v201808241120]'/>
          </to>
        </change>
        <change>
          <from>
            <required namespace='org.eclipse.equinox.p2.iu' name='com.ibm.etools.zunit.batch.model' range='0.0.0'/>
          </from>
          <to>
            <required namespace='org.eclipse.equinox.p2.iu' name='com.ibm.etools.zunit.batch.model' range='[1.1.101.v201808241120,1.1.101.v201808241120]'/>
          </to>
        </change>
      </changes>
      <lifeCycle>
        <required namespace='org.eclipse.equinox.p2.iu' name='com.ibm.etools.zunit.feature.feature.group' range='0.0.0' greedy='false'/>
      </lifeCycle>
      <update id='WI_74569_V14131.feature.group' range='[0.0.0,1.0.0)' severity='0'/>
      <properties size='5'>
        <property name='org.eclipse.equinox.p2.type.patch' value='true'/>
        <property name='org.eclipse.equinox.p2.name' value='WI_74569_V14131'/>
        <property name='org.eclipse.equinox.p2.description' value='[Enter Feature Description here.]'/>
        <property name='org.eclipse.equinox.p2.description.url' value='http://www.example.com/description'/>
        <property name='org.eclipse.equinox.p2.type.group' value='true'/>
      </properties>
      <provides size='1'>
        <provided namespace='org.eclipse.equinox.p2.iu' name='WI_74569_V14131.feature.group' version='1.0.0'/>
      </provides>
      <requires size='1'>
        <required namespace='org.eclipse.equinox.p2.iu' name='WI_74569_V14131.feature.jar' range='[1.0.0,1.0.0]'>
          <filter>
            (org.eclipse.update.install.features=true)
          </filter>
        </required>
      </requires>
      <touchpoint id='null' version='0.0.0'/>
      <licenses size='1'>
        <license uri='http://www.example.com/license' url='http://www.example.com/license'>
          [Enter License Description here.]
        </license>
      </licenses>
      <copyright uri='http://www.example.com/copyright' url='http://www.example.com/copyright'>
        [Enter Copyright Description here.]
      </copyright>
    </unit>
    <unit id='com.ibm.etools.zunit.common' version='1.3.101.v201808241120'>
      <update id='com.ibm.etools.zunit.common' range='[0.0.0,1.3.101.v201808241120)' severity='0'/>
      <properties size='5'>
        <property name='df_LT.pluginName' value='zIDE zUnit Common Generator'/>
        <property name='df_LT.providerName' value='IBM'/>
        <property name='org.eclipse.equinox.p2.name' value='%pluginName'/>
        <property name='org.eclipse.equinox.p2.provider' value='%providerName'/>
        <property name='org.eclipse.equinox.p2.bundle.localization' value='plugin'/>
      </properties>
      <provides size='13'>
        <provided namespace='org.eclipse.equinox.p2.iu' name='com.ibm.etools.zunit.common' version='1.3.101.v201808241120'/>
        <provided namespace='osgi.bundle' name='com.ibm.etools.zunit.common' version='1.3.101.v201808241120'/>
        <provided namespace='java.package' name='com.ibm.etools.zunit.common' version='0.0.0'/>
        <provided namespace='java.package' name='com.ibm.etools.zunit.exception' version='0.0.0'/>
        <provided namespace='java.package' name='com.ibm.etools.zunit.extensions' version='0.0.0'/>
        <provided namespace='java.package' name='com.ibm.etools.zunit.extensions.importdata' version='0.0.0'/>
        <provided namespace='java.package' name='com.ibm.etools.zunit.extensions.importdata.model' version='0.0.0'/>
        <provided namespace='java.package' name='com.ibm.etools.zunit.extensions.util' version='0.0.0'/>
        <provided namespace='java.package' name='com.ibm.etools.zunit.extensions.util.model' version='0.0.0'/>
        <provided namespace='java.package' name='com.ibm.etools.zunit.extensions.util.model.impl' version='0.0.0'/>
        <provided namespace='java.package' name='com.ibm.etools.zunit.util' version='0.0.0'/>
        <provided namespace='org.eclipse.equinox.p2.eclipse.type' name='bundle' version='1.0.0'/>
        <provided namespace='org.eclipse.equinox.p2.localization' name='df_LT' version='1.0.0'/>
      </provides>
      <requires size='11'>
        <required namespace='osgi.bundle' name='org.eclipse.ui' range='0.0.0'/>
        <required namespace='osgi.bundle' name='org.eclipse.core.runtime' range='0.0.0'/>
        <required namespace='osgi.bundle' name='com.ibm.ftt.mvs.client.validation' range='0.0.0'/>
        <required namespace='osgi.bundle' name='com.ibm.ftt.resources.core' range='0.0.0'/>
        <required namespace='osgi.bundle' name='com.ibm.ftt.resources.zos' range='0.0.0'/>
        <required namespace='osgi.bundle' name='com.ibm.ftt.projects.zos' range='0.0.0'/>
        <required namespace='osgi.bundle' name='com.ibm.ftt.ui.rse.utils' range='0.0.0'/>
        <required namespace='osgi.bundle' name='org.eclipse.rse.services' range='0.0.0'/>
        <required namespace='osgi.bundle' name='com.ibm.icu' range='0.0.0'/>
        <required namespace='osgi.bundle' name='com.ibm.ftt.common.tracing' range='0.0.0'/>
        <required namespace='osgi.bundle' name='com.ibm.etools.cobol' range='[7.0.0,8.0.0)'/>
      </requires>
      <artifacts size='1'>
        <artifact classifier='osgi.bundle' id='com.ibm.etools.zunit.common' version='1.3.101.v201808241120'/>
      </artifacts>
      <touchpoint id='org.eclipse.equinox.p2.osgi' version='1.0.0'/>
      <touchpointData size='1'>
        <instructions size='1'>
          <instruction key='manifest'>
            Bundle-SymbolicName: com.ibm.etools.zunit.common;singleton:=true&#xA;Bundle-Version: 1.3.101.v201808241120
          </instruction>
        </instructions>
      </touchpointData>
    </unit>
    <unit id='a.jre.javase' version='1.6.0' singleton='false'>
      <provides size='171'>
        <provided namespace='org.eclipse.equinox.p2.iu' name='a.jre.javase' version='1.6.0'/>
        <provided namespace='java.package' name='javax.accessibility' version='0.0.0'/>
        <provided namespace='java.package' name='javax.activation' version='0.0.0'/>
        <provided namespace='java.package' name='javax.activity' version='0.0.0'/>
        <provided namespace='java.package' name='javax.annotation' version='0.0.0'/>
        <provided namespace='java.package' name='javax.annotation.processing' version='0.0.0'/>
        <provided namespace='java.package' name='javax.crypto' version='0.0.0'/>
        <provided namespace='java.package' name='javax.crypto.interfaces' version='0.0.0'/>
        <provided namespace='java.package' name='javax.crypto.spec' version='0.0.0'/>
        <provided namespace='java.package' name='javax.imageio' version='0.0.0'/>
        <provided namespace='java.package' name='javax.imageio.event' version='0.0.0'/>
        <provided namespace='java.package' name='javax.imageio.metadata' version='0.0.0'/>
        <provided namespace='java.package' name='javax.imageio.plugins.bmp' version='0.0.0'/>
        <provided namespace='java.package' name='javax.imageio.plugins.jpeg' version='0.0.0'/>
        <provided namespace='java.package' name='javax.imageio.spi' version='0.0.0'/>
        <provided namespace='java.package' name='javax.imageio.stream' version='0.0.0'/>
        <provided namespace='java.package' name='javax.jws' version='0.0.0'/>
        <provided namespace='java.package' name='javax.jws.soap' version='0.0.0'/>
        <provided namespace='java.package' name='javax.lang.model' version='0.0.0'/>
        <provided namespace='java.package' name='javax.lang.model.element' version='0.0.0'/>
        <provided namespace='java.package' name='javax.lang.model.type' version='0.0.0'/>
        <provided namespace='java.package' name='javax.lang.model.util' version='0.0.0'/>
        <provided namespace='java.package' name='javax.management' version='0.0.0'/>
        <provided namespace='java.package' name='javax.management.loading' version='0.0.0'/>
        <provided namespace='java.package' name='javax.management.modelmbean' version='0.0.0'/>
        <provided namespace='java.package' name='javax.management.monitor' version='0.0.0'/>
        <provided namespace='java.package' name='javax.management.openmbean' version='0.0.0'/>
        <provided namespace='java.package' name='javax.management.relation' version='0.0.0'/>
        <provided namespace='java.package' name='javax.management.remote' version='0.0.0'/>
        <provided namespace='java.package' name='javax.management.remote.rmi' version='0.0.0'/>
        <provided namespace='java.package' name='javax.management.timer' version='0.0.0'/>
        <provided namespace='java.package' name='javax.naming' version='0.0.0'/>
        <provided namespace='java.package' name='javax.naming.directory' version='0.0.0'/>
        <provided namespace='java.package' name='javax.naming.event' version='0.0.0'/>
        <provided namespace='java.package' name='javax.naming.ldap' version='0.0.0'/>
        <provided namespace='java.package' name='javax.naming.spi' version='0.0.0'/>
        <provided namespace='java.package' name='javax.net' version='0.0.0'/>
        <provided namespace='java.package' name='javax.net.ssl' version='0.0.0'/>
        <provided namespace='java.package' name='javax.print' version='0.0.0'/>
        <provided namespace='java.package' name='javax.print.attribute' version='0.0.0'/>
        <provided namespace='java.package' name='javax.print.attribute.standard' version='0.0.0'/>
        <provided namespace='java.package' name='javax.print.event' version='0.0.0'/>
        <provided namespace='java.package' name='javax.rmi' version='0.0.0'/>
        <provided namespace='java.package' name='javax.rmi.CORBA' version='0.0.0'/>
        <provided namespace='java.package' name='javax.rmi.ssl' version='0.0.0'/>
        <provided namespace='java.package' name='javax.script' version='0.0.0'/>
        <provided namespace='java.package' name='javax.security.auth' version='0.0.0'/>
        <provided namespace='java.package' name='javax.security.auth.callback' version='0.0.0'/>
        <provided namespace='java.package' name='javax.security.auth.kerberos' version='0.0.0'/>
        <provided namespace='java.package' name='javax.security.auth.login' version='0.0.0'/>
        <provided namespace='java.package' name='javax.security.auth.spi' version='0.0.0'/>
        <provided namespace='java.package' name='javax.security.auth.x500' version='0.0.0'/>
        <provided namespace='java.package' name='javax.security.cert' version='0.0.0'/>
        <provided namespace='java.package' name='javax.security.sasl' version='0.0.0'/>
        <provided namespace='java.package' name='javax.sound.midi' version='0.0.0'/>
        <provided namespace='java.package' name='javax.sound.midi.spi' version='0.0.0'/>
        <provided namespace='java.package' name='javax.sound.sampled' version='0.0.0'/>
        <provided namespace='java.package' name='javax.sound.sampled.spi' version='0.0.0'/>
        <provided namespace='java.package' name='javax.sql' version='0.0.0'/>
        <provided namespace='java.package' name='javax.sql.rowset' version='0.0.0'/>
        <provided namespace='java.package' name='javax.sql.rowset.serial' version='0.0.0'/>
        <provided namespace='java.package' name='javax.sql.rowset.spi' version='0.0.0'/>
        <provided namespace='java.package' name='javax.swing' version='0.0.0'/>
        <provided namespace='java.package' name='javax.swing.border' version='0.0.0'/>
        <provided namespace='java.package' name='javax.swing.colorchooser' version='0.0.0'/>
        <provided namespace='java.package' name='javax.swing.event' version='0.0.0'/>
        <provided namespace='java.package' name='javax.swing.filechooser' version='0.0.0'/>
        <provided namespace='java.package' name='javax.swing.plaf' version='0.0.0'/>
        <provided namespace='java.package' name='javax.swing.plaf.basic' version='0.0.0'/>
        <provided namespace='java.package' name='javax.swing.plaf.metal' version='0.0.0'/>
        <provided namespace='java.package' name='javax.swing.plaf.multi' version='0.0.0'/>
        <provided namespace='java.package' name='javax.swing.plaf.synth' version='0.0.0'/>
        <provided namespace='java.package' name='javax.swing.table' version='0.0.0'/>
        <provided namespace='java.package' name='javax.swing.text' version='0.0.0'/>
        <provided namespace='java.package' name='javax.swing.text.html' version='0.0.0'/>
        <provided namespace='java.package' name='javax.swing.text.html.parser' version='0.0.0'/>
        <provided namespace='java.package' name='javax.swing.text.rtf' version='0.0.0'/>
        <provided namespace='java.package' name='javax.swing.tree' version='0.0.0'/>
        <provided namespace='java.package' name='javax.swing.undo' version='0.0.0'/>
        <provided namespace='java.package' name='javax.tools' version='0.0.0'/>
        <provided namespace='java.package' name='javax.transaction' version='0.0.0'/>
        <provided namespace='java.package' name='javax.transaction.xa' version='0.0.0'/>
        <provided namespace='java.package' name='javax.xml' version='0.0.0'/>
        <provided namespace='java.package' name='javax.xml.bind' version='0.0.0'/>
        <provided namespace='java.package' name='javax.xml.bind.annotation' version='0.0.0'/>
        <provided namespace='java.package' name='javax.xml.bind.annotation.adapters' version='0.0.0'/>
        <provided namespace='java.package' name='javax.xml.bind.attachment' version='0.0.0'/>
        <provided namespace='java.package' name='javax.xml.bind.helpers' version='0.0.0'/>
        <provided namespace='java.package' name='javax.xml.bind.util' version='0.0.0'/>
        <provided namespace='java.package' name='javax.xml.crypto' version='0.0.0'/>
        <provided namespace='java.package' name='javax.xml.crypto.dom' version='0.0.0'/>
        <provided namespace='java.package' name='javax.xml.crypto.dsig' version='0.0.0'/>
        <provided namespace='java.package' name='javax.xml.crypto.dsig.dom' version='0.0.0'/>
        <provided namespace='java.package' name='javax.xml.crypto.dsig.keyinfo' version='0.0.0'/>
        <provided namespace='java.package' name='javax.xml.crypto.dsig.spec' version='0.0.0'/>
        <provided namespace='java.package' name='javax.xml.datatype' version='0.0.0'/>
        <provided namespace='java.package' name='javax.xml.namespace' version='0.0.0'/>
        <provided namespace='java.package' name='javax.xml.parsers' version='0.0.0'/>
        <provided namespace='java.package' name='javax.xml.soap' version='0.0.0'/>
        <provided namespace='java.package' name='javax.xml.stream' version='0.0.0'/>
        <provided namespace='java.package' name='javax.xml.stream.events' version='0.0.0'/>
        <provided namespace='java.package' name='javax.xml.stream.util' version='0.0.0'/>
        <provided namespace='java.package' name='javax.xml.transform' version='0.0.0'/>
        <provided namespace='java.package' name='javax.xml.transform.dom' version='0.0.0'/>
        <provided namespace='java.package' name='javax.xml.transform.sax' version='0.0.0'/>
        <provided namespace='java.package' name='javax.xml.transform.stax' version='0.0.0'/>
        <provided namespace='java.package' name='javax.xml.transform.stream' version='0.0.0'/>
        <provided namespace='java.package' name='javax.xml.validation' version='0.0.0'/>
        <provided namespace='java.package' name='javax.xml.ws' version='0.0.0'/>
        <provided namespace='java.package' name='javax.xml.ws.handler' version='0.0.0'/>
        <provided namespace='java.package' name='javax.xml.ws.handler.soap' version='0.0.0'/>
        <provided namespace='java.package' name='javax.xml.ws.http' version='0.0.0'/>
        <provided namespace='java.package' name='javax.xml.ws.soap' version='0.0.0'/>
        <provided namespace='java.package' name='javax.xml.ws.spi' version='0.0.0'/>
        <provided namespace='java.package' name='javax.xml.ws.wsaddressing' version='0.0.0'/>
        <provided namespace='java.package' name='javax.xml.xpath' version='0.0.0'/>
        <provided namespace='java.package' name='org.ietf.jgss' version='0.0.0'/>
        <provided namespace='java.package' name='org.omg.CORBA' version='0.0.0'/>
        <provided namespace='java.package' name='org.omg.CORBA_2_3' version='0.0.0'/>
        <provided namespace='java.package' name='org.omg.CORBA_2_3.portable' version='0.0.0'/>
        <provided namespace='java.package' name='org.omg.CORBA.DynAnyPackage' version='0.0.0'/>
        <provided namespace='java.package' name='org.omg.CORBA.ORBPackage' version='0.0.0'/>
        <provided namespace='java.package' name='org.omg.CORBA.portable' version='0.0.0'/>
        <provided namespace='java.package' name='org.omg.CORBA.TypeCodePackage' version='0.0.0'/>
        <provided namespace='java.package' name='org.omg.CosNaming' version='0.0.0'/>
        <provided namespace='java.package' name='org.omg.CosNaming.NamingContextExtPackage' version='0.0.0'/>
        <provided namespace='java.package' name='org.omg.CosNaming.NamingContextPackage' version='0.0.0'/>
        <provided namespace='java.package' name='org.omg.Dynamic' version='0.0.0'/>
        <provided namespace='java.package' name='org.omg.DynamicAny' version='0.0.0'/>
        <provided namespace='java.package' name='org.omg.DynamicAny.DynAnyFactoryPackage' version='0.0.0'/>
        <provided namespace='java.package' name='org.omg.DynamicAny.DynAnyPackage' version='0.0.0'/>
        <provided namespace='java.package' name='org.omg.IOP' version='0.0.0'/>
        <provided namespace='java.package' name='org.omg.IOP.CodecFactoryPackage' version='0.0.0'/>
        <provided namespace='java.package' name='org.omg.IOP.CodecPackage' version='0.0.0'/>
        <provided namespace='java.package' name='org.omg.Messaging' version='0.0.0'/>
        <provided namespace='java.package' name='org.omg.PortableInterceptor' version='0.0.0'/>
        <provided namespace='java.package' name='org.omg.PortableInterceptor.ORBInitInfoPackage' version='0.0.0'/>
        <provided namespace='java.package' name='org.omg.PortableServer' version='0.0.0'/>
        <provided namespace='java.package' name='org.omg.PortableServer.CurrentPackage' version='0.0.0'/>
        <provided namespace='java.package' name='org.omg.PortableServer.POAManagerPackage' version='0.0.0'/>
        <provided namespace='java.package' name='org.omg.PortableServer.POAPackage' version='0.0.0'/>
        <provided namespace='java.package' name='org.omg.PortableServer.portable' version='0.0.0'/>
        <provided namespace='java.package' name='org.omg.PortableServer.ServantLocatorPackage' version='0.0.0'/>
        <provided namespace='java.package' name='org.omg.SendingContext' version='0.0.0'/>
        <provided namespace='java.package' name='org.omg.stub.java.rmi' version='0.0.0'/>
        <provided namespace='java.package' name='org.w3c.dom' version='0.0.0'/>
        <provided namespace='java.package' name='org.w3c.dom.bootstrap' version='0.0.0'/>
        <provided namespace='java.package' name='org.w3c.dom.css' version='0.0.0'/>
        <provided namespace='java.package' name='org.w3c.dom.events' version='0.0.0'/>
        <provided namespace='java.package' name='org.w3c.dom.html' version='0.0.0'/>
        <provided namespace='java.package' name='org.w3c.dom.ls' version='0.0.0'/>
        <provided namespace='java.package' name='org.w3c.dom.ranges' version='0.0.0'/>
        <provided namespace='java.package' name='org.w3c.dom.stylesheets' version='0.0.0'/>
        <provided namespace='java.package' name='org.w3c.dom.traversal' version='0.0.0'/>
        <provided namespace='java.package' name='org.w3c.dom.views' version='0.0.0'/>
        <provided namespace='java.package' name='org.w3c.dom.xpath' version='0.0.0'/>
        <provided namespace='java.package' name='org.xml.sax' version='0.0.0'/>
        <provided namespace='java.package' name='org.xml.sax.ext' version='0.0.0'/>
        <provided namespace='java.package' name='org.xml.sax.helpers' version='0.0.0'/>
        <provided namespace='osgi.ee' name='OSGi/Minimum' version='1.0.0'/>
        <provided namespace='osgi.ee' name='OSGi/Minimum' version='1.1.0'/>
        <provided namespace='osgi.ee' name='OSGi/Minimum' version='1.2.0'/>
        <provided namespace='osgi.ee' name='JRE' version='1.0.0'/>
        <provided namespace='osgi.ee' name='JRE' version='1.1.0'/>
        <provided namespace='osgi.ee' name='JavaSE' version='1.0.0'/>
        <provided namespace='osgi.ee' name='JavaSE' version='1.1.0'/>
        <provided namespace='osgi.ee' name='JavaSE' version='1.2.0'/>
        <provided namespace='osgi.ee' name='JavaSE' version='1.3.0'/>
        <provided namespace='osgi.ee' name='JavaSE' version='1.4.0'/>
        <provided namespace='osgi.ee' name='JavaSE' version='1.5.0'/>
        <provided namespace='osgi.ee' name='JavaSE' version='1.6.0'/>
      </provides>
      <touchpoint id='org.eclipse.equinox.p2.native' version='1.0.0'/>
    </unit>
    <unit id='com.ibm.etools.zunit.batch' version='1.0.5.v201808241120'>
      <update id='com.ibm.etools.zunit.batch' range='[0.0.0,1.0.5.v201808241120)' severity='0'/>
      <properties size='2'>
        <property name='org.eclipse.equinox.p2.name' value='%pluginName'/>
        <property name='org.eclipse.equinox.p2.provider' value='IBM'/>
      </properties>
      <provides size='5'>
        <provided namespace='org.eclipse.equinox.p2.iu' name='com.ibm.etools.zunit.batch' version='1.0.5.v201808241120'/>
        <provided namespace='osgi.bundle' name='com.ibm.etools.zunit.batch' version='1.0.5.v201808241120'/>
        <provided namespace='java.package' name='com.ibm.etools.zunit.batch.processing' version='0.0.0'/>
        <provided namespace='java.package' name='com.ibm.etools.zunit.batch.util' version='0.0.0'/>
        <provided namespace='org.eclipse.equinox.p2.eclipse.type' name='bundle' version='1.0.0'/>
      </provides>
      <requires size='20'>
        <required namespace='osgi.bundle' name='org.eclipse.ui' range='0.0.0'/>
        <required namespace='osgi.bundle' name='org.eclipse.core.runtime' range='0.0.0'/>
        <required namespace='osgi.bundle' name='org.eclipse.core.resources' range='0.0.0'/>
        <required namespace='osgi.bundle' name='com.ibm.ftt.common.tracing' range='0.0.0'/>
        <required namespace='osgi.bundle' name='com.ibm.systemz.common.editor' range='0.0.0'/>
        <required namespace='osgi.bundle' name='com.ibm.systemz.cobol.editor.core' range='0.0.0'/>
        <required namespace='osgi.bundle' name='org.eclipse.jface.text' range='0.0.0'/>
        <required namespace='osgi.bundle' name='com.ibm.etools.zunit.common' range='0.0.0'/>
        <required namespace='osgi.bundle' name='com.ibm.systemz.cobol.editor.core.copy' range='0.0.0'/>
        <required namespace='osgi.bundle' name='com.ibm.etools.zunit.cobol2xsd' range='0.0.0'/>
        <required namespace='osgi.bundle' name='com.ibm.etools.zunit.ast' range='0.0.0'/>
        <required namespace='osgi.bundle' name='org.eclipse.xsd' range='0.0.0'/>
        <required namespace='osgi.bundle' name='com.ibm.etools.cobol' range='0.0.0'/>
        <required namespace='osgi.bundle' name='com.ibm.etools.zunit.batch.model' range='0.0.0'/>
        <required namespace='osgi.bundle' name='com.ibm.ccl.pli' range='0.0.0'/>
        <required namespace='osgi.bundle' name='com.ibm.etools.zunit.gen' range='0.0.0'/>
        <required namespace='osgi.bundle' name='com.ibm.etools.zunit.cobol.converter' range='0.0.0'/>
        <required namespace='osgi.bundle' name='com.ibm.systemz.pl1.editor.core.include' range='0.0.0'/>
        <required namespace='osgi.bundle' name='com.ibm.etools.zunit.pli2xsd' range='0.0.0'/>
        <required namespace='osgi.bundle' name='com.ibm.systemz.pl1.editor.core2' range='0.0.0'/>
      </requires>
      <artifacts size='1'>
        <artifact classifier='osgi.bundle' id='com.ibm.etools.zunit.batch' version='1.0.5.v201808241120'/>
      </artifacts>
      <touchpoint id='org.eclipse.equinox.p2.osgi' version='1.0.0'/>
      <touchpointData size='1'>
        <instructions size='1'>
          <instruction key='manifest'>
            Bundle-SymbolicName: com.ibm.etools.zunit.batch;  singleton:=true&#xA;Bundle-Version: 1.0.5.v201808241120
          </instruction>
        </instructions>
      </touchpointData>
    </unit>
    <unit id='org.eclipse.rcp.configuration.feature.group' version='1.0.200.v20170301-0400' singleton='false'>
      <update id='org.eclipse.rcp.configuration.feature.group' range='[0.0.0,1.0.200.v20170301-0400)' severity='0'/>
      <properties size='12'>
        <property name='org.eclipse.equinox.p2.name' value='%featureName'/>
        <property name='org.eclipse.equinox.p2.description' value='%description'/>
        <property name='org.eclipse.equinox.p2.provider' value='%providerName'/>
        <property name='org.eclipse.equinox.p2.type.group' value='true'/>
        <property name='maven-groupId' value='org.eclipse.rcp.configuration'/>
        <property name='maven-artifactId' value='org.eclipse.rcp.configuration'/>
        <property name='maven-version' value='1.0.200-SNAPSHOT'/>
        <property name='df_LT.license' value='Eclipse Foundation Software User Agreement&#xA;April 9, 2014&#xA;&#xA;Usage Of Content&#xA;&#xA;THE ECLIPSE FOUNDATION MAKES AVAILABLE SOFTWARE, DOCUMENTATION, INFORMATION AND/OR&#xA;OTHER MATERIALS FOR OPEN SOURCE PROJECTS (COLLECTIVELY &quot;CONTENT&quot;).&#xA;USE OF THE CONTENT IS GOVERNED BY THE TERMS AND CONDITIONS OF THIS&#xA;AGREEMENT AND/OR THE TERMS AND CONDITIONS OF LICENSE AGREEMENTS OR&#xA;NOTICES INDICATED OR REFERENCED BELOW.  BY USING THE CONTENT, YOU&#xA;AGREE THAT YOUR USE OF THE CONTENT IS GOVERNED BY THIS AGREEMENT&#xA;AND/OR THE TERMS AND CONDITIONS OF ANY APPLICABLE LICENSE AGREEMENTS&#xA;OR NOTICES INDICATED OR REFERENCED BELOW.  IF YOU DO NOT AGREE TO THE&#xA;TERMS AND CONDITIONS OF THIS AGREEMENT AND THE TERMS AND CONDITIONS&#xA;OF ANY APPLICABLE LICENSE AGREEMENTS OR NOTICES INDICATED OR REFERENCED&#xA;BELOW, THEN YOU MAY NOT USE THE CONTENT.&#xA;&#xA;Applicable Licenses&#xA;&#xA;Unless otherwise indicated, all Content made available by the&#xA;Eclipse Foundation is provided to you under the terms and conditions of&#xA;the Eclipse Public License Version 1.0 (&quot;EPL&quot;). A copy of the EPL is&#xA;provided with this Content and is also available at http://www.eclipse.org/legal/epl-v10.html.&#xA;For purposes of the EPL, &quot;Program&quot; will mean the Content.&#xA;&#xA;Content includes, but is not limited to, source code, object code,&#xA;documentation and other files maintained in the Eclipse Foundation source code&#xA;repository (&quot;Repository&quot;) in software modules (&quot;Modules&quot;) and made available&#xA;as downloadable archives (&quot;Downloads&quot;).&#xA;&#xA;&#x9;- Content may be structured and packaged into modules to facilitate delivering,&#xA;&#x9;  extending, and upgrading the Content. Typical modules may include plug-ins (&quot;Plug-ins&quot;),&#xA;&#x9;  plug-in fragments (&quot;Fragments&quot;), and features (&quot;Features&quot;).&#xA;&#x9;- Each Plug-in or Fragment may be packaged as a sub-directory or JAR (Java(TM) ARchive)&#xA;&#x9;  in a directory named &quot;plugins&quot;.&#xA;&#x9;- A Feature is a bundle of one or more Plug-ins and/or Fragments and associated material.&#xA;&#x9;  Each Feature may be packaged as a sub-directory in a directory named &quot;features&quot;.&#xA;&#x9;  Within a Feature, files named &quot;feature.xml&quot; may contain a list of the names and version&#xA;&#x9;  numbers of the Plug-ins and/or Fragments associated with that Feature.&#xA;&#x9;- Features may also include other Features (&quot;Included Features&quot;). Within a Feature, files&#xA;&#x9;  named &quot;feature.xml&quot; may contain a list of the names and version numbers of Included Features.&#xA;&#xA;The terms and conditions governing Plug-ins and Fragments should be&#xA;contained in files named &quot;about.html&quot; (&quot;Abouts&quot;). The terms and&#xA;conditions governing Features and Included Features should be contained&#xA;in files named &quot;license.html&quot; (&quot;Feature Licenses&quot;). Abouts and Feature&#xA;Licenses may be located in any directory of a Download or Module&#xA;including, but not limited to the following locations:&#xA;&#xA;&#x9;- The top-level (root) directory&#xA;&#x9;- Plug-in and Fragment directories&#xA;&#x9;- Inside Plug-ins and Fragments packaged as JARs&#xA;&#x9;- Sub-directories of the directory named &quot;src&quot; of certain Plug-ins&#xA;&#x9;- Feature directories&#xA;&#xA;Note: if a Feature made available by the Eclipse Foundation is installed using the&#xA;Provisioning Technology (as defined below), you must agree to a license (&quot;Feature &#xA;Update License&quot;) during the installation process. If the Feature contains&#xA;Included Features, the Feature Update License should either provide you&#xA;with the terms and conditions governing the Included Features or inform&#xA;you where you can locate them. Feature Update Licenses may be found in&#xA;the &quot;license&quot; property of files named &quot;feature.properties&quot; found within a Feature.&#xA;Such Abouts, Feature Licenses, and Feature Update Licenses contain the&#xA;terms and conditions (or references to such terms and conditions) that&#xA;govern your use of the associated Content in that directory.&#xA;&#xA;THE ABOUTS, FEATURE LICENSES, AND FEATURE UPDATE LICENSES MAY REFER&#xA;TO THE EPL OR OTHER LICENSE AGREEMENTS, NOTICES OR TERMS AND CONDITIONS.&#xA;SOME OF THESE OTHER LICENSE AGREEMENTS MAY INCLUDE (BUT ARE NOT LIMITED TO):&#xA;&#xA;&#x9;- Eclipse Distribution License Version 1.0 (available at http://www.eclipse.org/licenses/edl-v1.0.html)&#xA;&#x9;- Common Public License Version 1.0 (available at http://www.eclipse.org/legal/cpl-v10.html)&#xA;&#x9;- Apache Software License 1.1 (available at http://www.apache.org/licenses/LICENSE)&#xA;&#x9;- Apache Software License 2.0 (available at http://www.apache.org/licenses/LICENSE-2.0)&#xA;&#x9;- Mozilla Public License Version 1.1 (available at http://www.mozilla.org/MPL/MPL-1.1.html)&#xA;&#xA;IT IS YOUR OBLIGATION TO READ AND ACCEPT ALL SUCH TERMS AND CONDITIONS PRIOR&#xA;TO USE OF THE CONTENT. If no About, Feature License, or Feature Update License&#xA;is provided, please contact the Eclipse Foundation to determine what terms and conditions&#xA;govern that particular Content.&#xA;&#xA;&#xA;Use of Provisioning Technology&#xA;&#xA;The Eclipse Foundation makes available provisioning software, examples of which include,&#xA;but are not limited to, p2 and the Eclipse Update Manager (&quot;Provisioning Technology&quot;) for&#xA;the purpose of allowing users to install software, documentation, information and/or&#xA;other materials (collectively &quot;Installable Software&quot;). This capability is provided with&#xA;the intent of allowing such users to install, extend and update Eclipse-based products.&#xA;Information about packaging Installable Software is available at&#xA;http://eclipse.org/equinox/p2/repository_packaging.html (&quot;Specification&quot;).&#xA;&#xA;You may use Provisioning Technology to allow other parties to install Installable Software.&#xA;You shall be responsible for enabling the applicable license agreements relating to the&#xA;Installable Software to be presented to, and accepted by, the users of the Provisioning Technology&#xA;in accordance with the Specification. By using Provisioning Technology in such a manner and&#xA;making it available in accordance with the Specification, you further acknowledge your&#xA;agreement to, and the acquisition of all necessary rights to permit the following:&#xA;&#xA;&#x9;1. A series of actions may occur (&quot;Provisioning Process&quot;) in which a user may execute&#xA;&#x9;   the Provisioning Technology on a machine (&quot;Target Machine&quot;) with the intent of installing,&#xA;&#x9;   extending or updating the functionality of an Eclipse-based product.&#xA;&#x9;2. During the Provisioning Process, the Provisioning Technology may cause third party&#xA;&#x9;   Installable Software or a portion thereof to be accessed and copied to the Target Machine.&#xA;&#x9;3. Pursuant to the Specification, you will provide to the user the terms and conditions that&#xA;&#x9;   govern the use of the Installable Software (&quot;Installable Software Agreement&quot;) and such&#xA;&#x9;   Installable Software Agreement shall be accessed from the Target Machine in accordance&#xA;&#x9;   with the Specification. Such Installable Software Agreement must inform the user of the&#xA;&#x9;   terms and conditions that govern the Installable Software and must solicit acceptance by&#xA;&#x9;   the end user in the manner prescribed in such Installable Software Agreement. Upon such&#xA;&#x9;   indication of agreement by the user, the provisioning Technology will complete installation&#xA;&#x9;   of the Installable Software.&#xA;&#xA;Cryptography&#xA;&#xA;Content may contain encryption software. The country in which you are&#xA;currently may have restrictions on the import, possession, and use,&#xA;and/or re-export to another country, of encryption software. BEFORE&#xA;using any encryption software, please check the country&apos;s laws,&#xA;regulations and policies concerning the import, possession, or use, and&#xA;re-export of encryption software, to see if this is permitted.&#xA;&#xA;Java and all Java-based trademarks are trademarks of Oracle Corporation in the United States, other countries, or both.'/>
        <property name='df_LT.copyright' value='Copyright (c) 2000, 2013 IBM Corporation and others.&#xA;All rights reserved. This program and the accompanying materials&#xA;are made available under the terms of the Eclipse Public License v1.0&#xA;which accompanies this distribution, and is available at&#xA;http://www.eclipse.org/legal/epl-v10.html'/>
        <property name='df_LT.featureName' value='Eclipse Product Configuration'/>
        <property name='df_LT.description' value='Configuration information for the Eclipse product'/>
        <property name='df_LT.providerName' value='Eclipse.org'/>
      </properties>
      <provides size='2'>
        <provided namespace='org.eclipse.equinox.p2.iu' name='org.eclipse.rcp.configuration.feature.group' version='1.0.200.v20170301-0400'/>
        <provided namespace='org.eclipse.equinox.p2.localization' name='df_LT' version='1.0.0'/>
      </provides>
      <requires size='16'>
        <required namespace='org.eclipse.equinox.p2.iu' name='org.eclipse.rcp.configuration.feature.jar' range='[1.0.200.v20170301-0400,1.0.200.v20170301-0400]'>
          <filter>
            (org.eclipse.update.install.features=true)
          </filter>
        </required>
        <required namespace='org.eclipse.equinox.p2.iu' name='org.eclipse.rcp.configuration_root.gtk.aix.ppc64' range='[1.0.200.v20170301-0400,1.0.200.v20170301-0400]'>
          <filter>
            (&amp;(osgi.arch=ppc64)(osgi.os=aix)(osgi.ws=gtk))
          </filter>
        </required>
        <required namespace='org.eclipse.equinox.p2.iu' name='org.eclipse.rcp.configuration_root.gtk.linux.x86' range='[1.0.200.v20170301-0400,1.0.200.v20170301-0400]'>
          <filter>
            (&amp;(osgi.arch=x86)(osgi.os=linux)(osgi.ws=gtk))
          </filter>
        </required>
        <required namespace='org.eclipse.equinox.p2.iu' name='org.eclipse.rcp.configuration_root.win32.win32.x86_64' range='[1.0.200.v20170301-0400,1.0.200.v20170301-0400]'>
          <filter>
            (&amp;(osgi.arch=x86_64)(osgi.os=win32)(osgi.ws=win32))
          </filter>
        </required>
        <required namespace='org.eclipse.equinox.p2.iu' name='org.eclipse.rcp.configuration_root.gtk.aix.ppc' range='[1.0.200.v20170301-0400,1.0.200.v20170301-0400]'>
          <filter>
            (&amp;(osgi.arch=ppc)(osgi.os=aix)(osgi.ws=gtk))
          </filter>
        </required>
        <required namespace='org.eclipse.equinox.p2.iu' name='org.eclipse.rcp.configuration_root.gtk.linux.x86_64' range='[1.0.200.v20170301-0400,1.0.200.v20170301-0400]'>
          <filter>
            (&amp;(osgi.arch=x86_64)(osgi.os=linux)(osgi.ws=gtk))
          </filter>
        </required>
        <required namespace='org.eclipse.equinox.p2.iu' name='org.eclipse.rcp.configuration_root.gtk.hpux.ia64' range='[1.0.200.v20170301-0400,1.0.200.v20170301-0400]'>
          <filter>
            (&amp;(osgi.arch=ia64)(osgi.os=hpux)(osgi.ws=gtk))
          </filter>
        </required>
        <required namespace='org.eclipse.equinox.p2.iu' name='org.eclipse.rcp.configuration_root.gtk.linux.ppc64' range='[1.0.200.v20170301-0400,1.0.200.v20170301-0400]'>
          <filter>
            (&amp;(osgi.arch=ppc64)(osgi.os=linux)(osgi.ws=gtk))
          </filter>
        </required>
        <required namespace='org.eclipse.equinox.p2.iu' name='org.eclipse.rcp.configuration_root.gtk.linux.ppc' range='[1.0.200.v20170301-0400,1.0.200.v20170301-0400]'>
          <filter>
            (&amp;(osgi.arch=ppc)(osgi.os=linux)(osgi.ws=gtk))
          </filter>
        </required>
        <required namespace='org.eclipse.equinox.p2.iu' name='org.eclipse.rcp.configuration_root.gtk.linux.s390x' range='[1.0.200.v20170301-0400,1.0.200.v20170301-0400]'>
          <filter>
            (&amp;(osgi.arch=s390x)(osgi.os=linux)(osgi.ws=gtk))
          </filter>
        </required>
        <required namespace='org.eclipse.equinox.p2.iu' name='org.eclipse.rcp.configuration_root.cocoa.macosx.x86_64' range='[1.0.200.v20170301-0400,1.0.200.v20170301-0400]'>
          <filter>
            (&amp;(osgi.arch=x86_64)(osgi.os=macosx)(osgi.ws=cocoa))
          </filter>
        </required>
        <required namespace='org.eclipse.equinox.p2.iu' name='org.eclipse.rcp.configuration_root.win32.win32.x86' range='[1.0.200.v20170301-0400,1.0.200.v20170301-0400]'>
          <filter>
            (&amp;(osgi.arch=x86)(osgi.os=win32)(osgi.ws=win32))
          </filter>
        </required>
        <required namespace='org.eclipse.equinox.p2.iu' name='org.eclipse.rcp.configuration_root.gtk.linux.ppc64le' range='[1.0.200.v20170301-0400,1.0.200.v20170301-0400]'>
          <filter>
            (&amp;(osgi.arch=ppc64le)(osgi.os=linux)(osgi.ws=gtk))
          </filter>
        </required>
        <required namespace='org.eclipse.equinox.p2.iu' name='org.eclipse.rcp.configuration_root.gtk.linux.s390' range='[1.0.200.v20170301-0400,1.0.200.v20170301-0400]'>
          <filter>
            (&amp;(osgi.arch=s390)(osgi.os=linux)(osgi.ws=gtk))
          </filter>
        </required>
        <required namespace='org.eclipse.equinox.p2.iu' name='org.eclipse.rcp.configuration_root.gtk.solaris.x86_64' range='[1.0.200.v20170301-0400,1.0.200.v20170301-0400]'>
          <filter>
            (&amp;(osgi.arch=x86_64)(osgi.os=solaris)(osgi.ws=gtk))
          </filter>
        </required>
        <required namespace='org.eclipse.equinox.p2.iu' name='org.eclipse.rcp.configuration_root.gtk.solaris.sparcv9' range='[1.0.200.v20170301-0400,1.0.200.v20170301-0400]'>
          <filter>
            (&amp;(osgi.arch=sparcv9)(osgi.os=solaris)(osgi.ws=gtk))
          </filter>
        </required>
      </requires>
      <touchpoint id='null' version='0.0.0'/>
      <licenses size='1'>
        <license uri='%25licenseURL' url='%25licenseURL'>
          %license
        </license>
      </licenses>
      <copyright>
        %copyright
      </copyright>
    </unit>
    <unit id='tooling.osgi.bundle.default' version='1.0.0' singleton='false'>
      <hostRequirements size='1'>
        <required namespace='org.eclipse.equinox.p2.eclipse.type' name='bundle' range='0.0.0' multiple='true' greedy='false'/>
      </hostRequirements>
      <properties size='1'>
        <property name='org.eclipse.equinox.p2.type.fragment' value='true'/>
      </properties>
      <provides size='2'>
        <provided namespace='org.eclipse.equinox.p2.iu' name='tooling.osgi.bundle.default' version='1.0.0'/>
        <provided namespace='org.eclipse.equinox.p2.flavor' name='tooling' version='1.0.0'/>
      </provides>
      <requires size='1'>
        <required namespace='org.eclipse.equinox.p2.eclipse.type' name='bundle' range='0.0.0' multiple='true' greedy='false'/>
      </requires>
      <touchpoint id='null' version='0.0.0'/>
      <touchpointData size='1'>
        <instructions size='4'>
          <instruction key='uninstall'>
            uninstallBundle(bundle:${artifact})
          </instruction>
          <instruction key='install'>
            installBundle(bundle:${artifact})
          </instruction>
          <instruction key='configure'>
            setStartLevel(startLevel:4);
          </instruction>
          <instruction key='unconfigure'>

          </instruction>
        </instructions>
      </touchpointData>
    </unit>
    <unit id='com.ibm.etools.zunit.ast' version='2.0.2.v201808241120'>
      <update id='com.ibm.etools.zunit.ast' range='[0.0.0,2.0.2.v201808241120)' severity='0'/>
      <properties size='4'>
        <property name='df_LT.pluginName' value='zIDE zUnit Ast Analyzer'/>
        <property name='org.eclipse.equinox.p2.name' value='%pluginName'/>
        <property name='org.eclipse.equinox.p2.provider' value='IBM'/>
        <property name='org.eclipse.equinox.p2.bundle.localization' value='plugin'/>
      </properties>
      <provides size='8'>
        <provided namespace='org.eclipse.equinox.p2.iu' name='com.ibm.etools.zunit.ast' version='2.0.2.v201808241120'/>
        <provided namespace='osgi.bundle' name='com.ibm.etools.zunit.ast' version='2.0.2.v201808241120'/>
        <provided namespace='java.package' name='com.ibm.etools.zunit.ast.cobol' version='0.0.0'/>
        <provided namespace='java.package' name='com.ibm.etools.zunit.ast.common' version='0.0.0'/>
        <provided namespace='java.package' name='com.ibm.etools.zunit.ast.pli' version='0.0.0'/>
        <provided namespace='java.package' name='com.ibm.etools.zunit.ast.util' version='0.0.0'/>
        <provided namespace='org.eclipse.equinox.p2.eclipse.type' name='bundle' version='1.0.0'/>
        <provided namespace='org.eclipse.equinox.p2.localization' name='df_LT' version='1.0.0'/>
      </provides>
      <requires size='8'>
        <required namespace='osgi.bundle' name='org.eclipse.ui' range='0.0.0'/>
        <required namespace='osgi.bundle' name='org.eclipse.core.runtime' range='0.0.0'/>
        <required namespace='osgi.bundle' name='com.ibm.systemz.cobol.editor.core' range='0.0.0'/>
        <required namespace='osgi.bundle' name='com.ibm.etools.zunit.gen.model' range='0.0.0'/>
        <required namespace='osgi.bundle' name='com.ibm.etools.zunit.common' range='0.0.0'/>
        <required namespace='osgi.bundle' name='com.ibm.icu' range='0.0.0'/>
        <required namespace='osgi.bundle' name='com.ibm.ftt.common.tracing' range='0.0.0'/>
        <required namespace='osgi.bundle' name='com.ibm.systemz.pl1.editor.core2' range='0.0.0'/>
      </requires>
      <artifacts size='1'>
        <artifact classifier='osgi.bundle' id='com.ibm.etools.zunit.ast' version='2.0.2.v201808241120'/>
      </artifacts>
      <touchpoint id='org.eclipse.equinox.p2.osgi' version='1.0.0'/>
      <touchpointData size='1'>
        <instructions size='1'>
          <instruction key='manifest'>
            Bundle-SymbolicName: com.ibm.etools.zunit.ast;  singleton:=true&#xA;Bundle-Version: 2.0.2.v201808241120
          </instruction>
        </instructions>
      </touchpointData>
    </unit>
    <unit id='WI_74569_V14131.feature.jar' version='1.0.0'>
      <properties size='3'>
        <property name='org.eclipse.equinox.p2.name' value='WI_74569_V14131'/>
        <property name='org.eclipse.equinox.p2.description' value='[Enter Feature Description here.]'/>
        <property name='org.eclipse.equinox.p2.description.url' value='http://www.example.com/description'/>
      </properties>
      <provides size='3'>
        <provided namespace='org.eclipse.equinox.p2.iu' name='WI_74569_V14131.feature.jar' version='1.0.0'/>
        <provided namespace='org.eclipse.equinox.p2.eclipse.type' name='feature' version='1.0.0'/>
        <provided namespace='org.eclipse.update.feature' name='WI_74569_V14131' version='1.0.0'/>
      </provides>
      <filter>
        (org.eclipse.update.install.features=true)
      </filter>
      <artifacts size='1'>
        <artifact classifier='org.eclipse.update.feature' id='WI_74569_V14131' version='1.0.0'/>
      </artifacts>
      <touchpoint id='org.eclipse.equinox.p2.osgi' version='1.0.0'/>
      <touchpointData size='1'>
        <instructions size='1'>
          <instruction key='zipped'>
            true
          </instruction>
        </instructions>
      </touchpointData>
      <licenses size='1'>
        <license uri='http://www.example.com/license' url='http://www.example.com/license'>
          [Enter License Description here.]
        </license>
      </licenses>
      <copyright uri='http://www.example.com/copyright' url='http://www.example.com/copyright'>
        [Enter Copyright Description here.]
      </copyright>
    </unit>
    <unit id='tooling.org.eclipse.update.feature.default' version='1.0.0' singleton='false'>
      <hostRequirements size='1'>
        <required namespace='org.eclipse.equinox.p2.eclipse.type' name='feature' range='0.0.0' optional='true' multiple='true' greedy='false'/>
      </hostRequirements>
      <properties size='1'>
        <property name='org.eclipse.equinox.p2.type.fragment' value='true'/>
      </properties>
      <provides size='2'>
        <provided namespace='org.eclipse.equinox.p2.iu' name='tooling.org.eclipse.update.feature.default' version='1.0.0'/>
        <provided namespace='org.eclipse.equinox.p2.flavor' name='tooling' version='1.0.0'/>
      </provides>
      <requires size='1'>
        <required namespace='org.eclipse.equinox.p2.eclipse.type' name='feature' range='0.0.0' optional='true' multiple='true' greedy='false'/>
      </requires>
      <filter>
        (org.eclipse.update.install.features=true)
      </filter>
      <touchpoint id='null' version='0.0.0'/>
      <touchpointData size='1'>
        <instructions size='2'>
          <instruction key='uninstall'>
            uninstallFeature(feature:${artifact},featureId:default,featureVersion:default)
          </instruction>
          <instruction key='install'>
            installFeature(feature:${artifact},featureId:default,featureVersion:default)
          </instruction>
        </instructions>
      </touchpointData>
    </unit>
    <unit id='com.ibm.etools.zunit.ui.editor' version='1.0.3.v201808241120'>
      <update id='com.ibm.etools.zunit.ui.editor' range='[0.0.0,1.0.3.v201808241120)' severity='0'/>
      <properties size='5'>
        <property name='df_LT.BundleName' value='IBM z/OS Automated Unit Testing Framework Test Entry Data Editor Plug-in'/>
        <property name='df_LT.BundleVendor' value='IBM'/>
        <property name='org.eclipse.equinox.p2.name' value='%BundleName'/>
        <property name='org.eclipse.equinox.p2.provider' value='%BundleVendor'/>
        <property name='org.eclipse.equinox.p2.bundle.localization' value='plugin'/>
      </properties>
      <provides size='20'>
        <provided namespace='org.eclipse.equinox.p2.iu' name='com.ibm.etools.zunit.ui.editor' version='1.0.3.v201808241120'/>
        <provided namespace='osgi.bundle' name='com.ibm.etools.zunit.ui.editor' version='1.0.3.v201808241120'/>
        <provided namespace='java.package' name='com.ibm.etools.zunit.ui.editor' version='0.0.0'/>
        <provided namespace='java.package' name='com.ibm.etools.zunit.ui.editor.actions' version='0.0.0'/>
        <provided namespace='java.package' name='com.ibm.etools.zunit.ui.editor.actions.util' version='0.0.0'/>
        <provided namespace='java.package' name='com.ibm.etools.zunit.ui.editor.core' version='0.0.0'/>
        <provided namespace='java.package' name='com.ibm.etools.zunit.ui.editor.core.util' version='0.0.0'/>
        <provided namespace='java.package' name='com.ibm.etools.zunit.ui.editor.image' version='0.0.0'/>
        <provided namespace='java.package' name='com.ibm.etools.zunit.ui.editor.model' version='0.0.0'/>
        <provided namespace='java.package' name='com.ibm.etools.zunit.ui.editor.model.bridge' version='0.0.0'/>
        <provided namespace='java.package' name='com.ibm.etools.zunit.ui.editor.model.config' version='0.0.0'/>
        <provided namespace='java.package' name='com.ibm.etools.zunit.ui.editor.model.config.impl' version='0.0.0'/>
        <provided namespace='java.package' name='com.ibm.etools.zunit.ui.editor.model.data' version='0.0.0'/>
        <provided namespace='java.package' name='com.ibm.etools.zunit.ui.editor.model.data.impl' version='0.0.0'/>
        <provided namespace='java.package' name='com.ibm.etools.zunit.ui.editor.model.exception' version='0.0.0'/>
        <provided namespace='java.package' name='com.ibm.etools.zunit.ui.editor.model.logical' version='0.0.0'/>
        <provided namespace='java.package' name='com.ibm.etools.zunit.ui.editor.model.util' version='0.0.0'/>
        <provided namespace='java.package' name='com.ibm.etools.zunit.ui.editor.provider' version='0.0.0'/>
        <provided namespace='org.eclipse.equinox.p2.eclipse.type' name='bundle' version='1.0.0'/>
        <provided namespace='org.eclipse.equinox.p2.localization' name='df_LT' version='1.0.0'/>
      </provides>
      <requires size='14'>
        <required namespace='osgi.bundle' name='org.eclipse.ui' range='0.0.0'/>
        <required namespace='osgi.bundle' name='org.eclipse.core.runtime' range='0.0.0'/>
        <required namespace='osgi.bundle' name='com.ibm.etools.zunit.batch' range='0.0.0'/>
        <required namespace='osgi.bundle' name='com.ibm.etools.zunit.batch.model' range='0.0.0'/>
        <required namespace='osgi.bundle' name='com.ibm.etools.zunit.common' range='0.0.0'/>
        <required namespace='osgi.bundle' name='com.ibm.etools.zunit.ui' range='0.0.0'/>
        <required namespace='osgi.bundle' name='org.eclipse.core.resources' range='0.0.0'/>
        <required namespace='osgi.bundle' name='org.eclipse.ui.ide' range='0.0.0'/>
        <required namespace='osgi.bundle' name='org.eclipse.rse.ui' range='0.0.0'/>
        <required namespace='osgi.bundle' name='com.ibm.ftt.common.tracing' range='0.0.0'/>
        <required namespace='osgi.bundle' name='com.ibm.ftt.core.impl' range='0.0.0'/>
        <required namespace='osgi.bundle' name='com.ibm.ftt.ui.rse.utils' range='0.0.0'/>
        <required namespace='osgi.bundle' name='com.ibm.ftt.resources.zos' range='0.0.0'/>
        <required namespace='osgi.bundle' name='com.ibm.etools.zunit.gen.model' range='0.0.0'/>
      </requires>
      <artifacts size='1'>
        <artifact classifier='osgi.bundle' id='com.ibm.etools.zunit.ui.editor' version='1.0.3.v201808241120'/>
      </artifacts>
      <touchpoint id='org.eclipse.equinox.p2.osgi' version='1.0.0'/>
      <touchpointData size='1'>
        <instructions size='1'>
          <instruction key='manifest'>
            Bundle-SymbolicName: com.ibm.etools.zunit.ui.editor;singleton:=true&#xA;Bundle-Version: 1.0.3.v201808241120
          </instruction>
        </instructions>
      </touchpointData>
    </unit>
    <unit id='com.ibm.etools.zunit.ui' version='1.2.4.v201808241120'>
      <update id='com.ibm.etools.zunit.ui' range='[0.0.0,1.2.4.v201808241120)' severity='0'/>
      <properties size='5'>
        <property name='df_LT.BundleName' value='IBM z/OS Automated Unit Testing Framework UI Plug-in'/>
        <property name='df_LT.BundleVendor' value='IBM'/>
        <property name='org.eclipse.equinox.p2.name' value='%BundleName'/>
        <property name='org.eclipse.equinox.p2.provider' value='%BundleVendor'/>
        <property name='org.eclipse.equinox.p2.bundle.localization' value='plugin'/>
      </properties>
      <provides size='8'>
        <provided namespace='org.eclipse.equinox.p2.iu' name='com.ibm.etools.zunit.ui' version='1.2.4.v201808241120'/>
        <provided namespace='osgi.bundle' name='com.ibm.etools.zunit.ui' version='1.2.4.v201808241120'/>
        <provided namespace='java.package' name='com.ibm.etools.zunit.ui' version='0.0.0'/>
        <provided namespace='java.package' name='com.ibm.etools.zunit.ui.dialog' version='0.0.0'/>
        <provided namespace='java.package' name='com.ibm.etools.zunit.ui.manager' version='0.0.0'/>
        <provided namespace='java.package' name='com.ibm.etools.zunit.ui.util' version='0.0.0'/>
        <provided namespace='org.eclipse.equinox.p2.eclipse.type' name='bundle' version='1.0.0'/>
        <provided namespace='org.eclipse.equinox.p2.localization' name='df_LT' version='1.0.0'/>
      </provides>
      <requires size='47'>
        <required namespace='osgi.bundle' name='org.eclipse.ui' range='0.0.0'/>
        <required namespace='osgi.bundle' name='org.eclipse.core.runtime' range='0.0.0'/>
        <required namespace='osgi.bundle' name='org.eclipse.ui.ide' range='0.0.0'/>
        <required namespace='osgi.bundle' name='com.ibm.ftt.mvs.client.validation' range='0.0.0'/>
        <required namespace='osgi.bundle' name='com.ibm.ftt.projects.zos' range='0.0.0'/>
        <required namespace='osgi.bundle' name='com.ibm.ftt.resources.zos' range='0.0.0'/>
        <required namespace='osgi.bundle' name='com.ibm.ftt.rse.mvs.client.ui' range='0.0.0'/>
        <required namespace='osgi.bundle' name='com.ibm.ftt.rse.mvs.util' range='0.0.0'/>
        <required namespace='osgi.bundle' name='com.ibm.ftt.ui.actions' range='0.0.0'/>
        <required namespace='osgi.bundle' name='com.ibm.ftt.ui.rse.utils' range='0.0.0'/>
        <required namespace='osgi.bundle' name='com.ibm.ftt.ui.resources.core' range='0.0.0'/>
        <required namespace='osgi.bundle' name='org.eclipse.rse.ui' range='0.0.0'/>
        <required namespace='osgi.bundle' name='org.eclipse.rse.subsystems.files.core' range='0.0.0'/>
        <required namespace='osgi.bundle' name='org.eclipse.rse.services' range='0.0.0'/>
        <required namespace='osgi.bundle' name='com.ibm.ftt.ui.views.navigator' range='0.0.0'/>
        <required namespace='osgi.bundle' name='com.ibm.ftt.ui.common.project.navigator' range='0.0.0'/>
        <required namespace='osgi.bundle' name='com.ibm.etools.zunit.ast' range='0.0.0'/>
        <required namespace='osgi.bundle' name='com.ibm.etools.zunit.common' range='0.0.0'/>
        <required namespace='osgi.bundle' name='com.ibm.etools.zunit.gen' range='0.0.0'/>
        <required namespace='osgi.bundle' name='com.ibm.etools.zunit.gen.model' range='0.0.0'/>
        <required namespace='osgi.bundle' name='com.ibm.etools.zunit.batch' range='0.0.0'/>
        <required namespace='osgi.bundle' name='com.ibm.etools.zunit.batch.model' range='0.0.0'/>
        <required namespace='osgi.bundle' name='com.ibm.ftt.ui.resources.zos' range='0.0.0'/>
        <required namespace='osgi.bundle' name='com.ibm.ftt.rse.mvs.client' range='0.0.0'/>
        <required namespace='osgi.bundle' name='com.ibm.ftt.common.tracing' range='0.0.0'/>
        <required namespace='osgi.bundle' name='org.eclipse.emf.ecore' range='0.0.0'/>
        <required namespace='osgi.bundle' name='org.eclipse.emf.ecore.xmi' range='0.0.0'/>
        <required namespace='osgi.bundle' name='org.eclipse.core.resources' range='0.0.0'/>
        <required namespace='osgi.bundle' name='com.ibm.rdz.dde.zunit.model' range='0.0.0'/>
        <required namespace='osgi.bundle' name='com.ibm.ftt.ui.properties.formpages' range='0.0.0'/>
        <required namespace='osgi.bundle' name='com.ibm.ftt.ui.propertypages' range='0.0.0'/>
        <required namespace='osgi.bundle' name='com.ibm.ftt.ui.projects.actions' range='0.0.0'/>
        <required namespace='osgi.bundle' name='com.ibm.ftt.properties.extensionpoints' range='0.0.0'/>
        <required namespace='osgi.bundle' name='com.ibm.ftt.services.impl' range='0.0.0'/>
        <required namespace='osgi.bundle' name='com.ibm.ftt.jes.util' range='0.0.0'/>
        <required namespace='osgi.bundle' name='com.ibm.etools.zos.subsystem.jes' range='0.0.0'/>
        <required namespace='osgi.bundle' name='com.ibm.ftt.services' range='0.0.0'/>
        <required namespace='osgi.bundle' name='com.ibm.ftt.language.manager' range='0.0.0'/>
        <required namespace='osgi.bundle' name='com.ibm.ftt.language.manager.impl' range='0.0.0'/>
        <required namespace='osgi.bundle' name='com.ibm.ccl.pli' range='0.0.0'/>
        <required namespace='osgi.bundle' name='com.ibm.etools.cobol' range='0.0.0'/>
        <required namespace='osgi.bundle' name='com.ibm.ftt.projects.local' range='0.0.0'/>
        <required namespace='osgi.bundle' name='com.ibm.icu' range='0.0.0'/>
        <required namespace='osgi.bundle' name='com.ibm.ftt.resource.utils' range='0.0.0'/>
        <required namespace='osgi.bundle' name='com.ibm.lpex' range='0.0.0'/>
        <required namespace='osgi.bundle' name='com.ibm.etools.rdz.license' range='0.0.0'/>
        <required namespace='osgi.bundle' name='com.ibm.ftt.core' range='0.0.0'/>
      </requires>
      <artifacts size='1'>
        <artifact classifier='osgi.bundle' id='com.ibm.etools.zunit.ui' version='1.2.4.v201808241120'/>
      </artifacts>
      <touchpoint id='org.eclipse.equinox.p2.osgi' version='1.0.0'/>
      <touchpointData size='1'>
        <instructions size='1'>
          <instruction key='manifest'>
            Bundle-SymbolicName: com.ibm.etools.zunit.ui;singleton:=true&#xA;Bundle-Version: 1.2.4.v201808241120
          </instruction>
        </instructions>
      </touchpointData>
    </unit>
    <unit id='com.ibm.etools.zunit.batch.model' version='1.1.101.v201808241120'>
      <update id='com.ibm.etools.zunit.batch.model' range='[0.0.0,1.1.101.v201808241120)' severity='0'/>
      <properties size='5'>
        <property name='df_LT.pluginName' value='BatchModel Model'/>
        <property name='df_LT.providerName' value='www.example.org'/>
        <property name='org.eclipse.equinox.p2.name' value='%pluginName'/>
        <property name='org.eclipse.equinox.p2.provider' value='%providerName'/>
        <property name='org.eclipse.equinox.p2.bundle.localization' value='plugin'/>
      </properties>
      <provides size='7'>
        <provided namespace='org.eclipse.equinox.p2.iu' name='com.ibm.etools.zunit.batch.model' version='1.1.101.v201808241120'/>
        <provided namespace='osgi.bundle' name='com.ibm.etools.zunit.batch.model' version='1.1.101.v201808241120'/>
        <provided namespace='java.package' name='com.ibm.etools.zunit.batch.batchModel' version='0.0.0'/>
        <provided namespace='java.package' name='com.ibm.etools.zunit.batch.batchModel.impl' version='0.0.0'/>
        <provided namespace='java.package' name='com.ibm.etools.zunit.batch.batchModel.util' version='0.0.0'/>
        <provided namespace='org.eclipse.equinox.p2.eclipse.type' name='bundle' version='1.0.0'/>
        <provided namespace='org.eclipse.equinox.p2.localization' name='df_LT' version='1.0.0'/>
      </provides>
      <requires size='2'>
        <required namespace='osgi.bundle' name='org.eclipse.core.runtime' range='0.0.0'/>
        <required namespace='osgi.bundle' name='org.eclipse.emf.ecore' range='0.0.0'/>
      </requires>
      <artifacts size='1'>
        <artifact classifier='osgi.bundle' id='com.ibm.etools.zunit.batch.model' version='1.1.101.v201808241120'/>
      </artifacts>
      <touchpoint id='org.eclipse.equinox.p2.osgi' version='1.0.0'/>
      <touchpointData size='1'>
        <instructions size='1'>
          <instruction key='manifest'>
            Bundle-SymbolicName: com.ibm.etools.zunit.batch.model;singleton:=true&#xA;Bundle-Version: 1.1.101.v201808241120
          </instruction>
        </instructions>
      </touchpointData>
    </unit>
  </units>
</repository>
