<?xml version='1.0' encoding='UTF-8'?>
<?metadataRepository version='1.1.0'?>
<repository name='Cic P2 Internal' type='org.eclipse.equinox.internal.p2.metadata.repository.LocalMetadataRepository' version='1'>
  <properties size='2'>
    <property name='p2.timestamp' value='1535081539534'/>
    <property name='p2.compressed' value='false'/>
  </properties>
  <units size='8'>
    <unit id='WI_74569_V14131.feature.group' version='1.0.0' singleton='false'>
      <patchScope>
        <scope>
          <requires size='1'>
            <required namespace='org.eclipse.equinox.p2.iu' name='com.ibm.etools.zunit.feature.feature.group' range='0.0.0'/>
          </requires>
        </scope>
      </patchScope>
      <changes>
        <change>
          <from>
            <required namespace='org.eclipse.equinox.p2.iu' name='com.ibm.etools.zunit.ast' range='0.0.0'/>
          </from>
          <to>
            <required namespace='org.eclipse.equinox.p2.iu' name='com.ibm.etools.zunit.ast' range='[2.0.2.v201808241120,2.0.2.v201808241120]'/>
          </to>
        </change>
        <change>
          <from>
            <required namespace='org.eclipse.equinox.p2.iu' name='com.ibm.etools.zunit.batch' range='0.0.0'/>
          </from>
          <to>
            <required namespace='org.eclipse.equinox.p2.iu' name='com.ibm.etools.zunit.batch' range='[1.0.5.v201808241120,1.0.5.v201808241120]'/>
          </to>
        </change>
        <change>
          <from>
            <required namespace='org.eclipse.equinox.p2.iu' name='com.ibm.etools.zunit.common' range='0.0.0'/>
          </from>
          <to>
            <required namespace='org.eclipse.equinox.p2.iu' name='com.ibm.etools.zunit.common' range='[1.3.101.v201808241120,1.3.101.v201808241120]'/>
          </to>
        </change>
        <change>
          <from>
            <required namespace='org.eclipse.equinox.p2.iu' name='com.ibm.etools.zunit.ui' range='0.0.0'/>
          </from>
          <to>
            <required namespace='org.eclipse.equinox.p2.iu' name='com.ibm.etools.zunit.ui' range='[1.2.4.v201808241120,1.2.4.v201808241120]'/>
          </to>
        </change>
        <change>
          <from>
            <required namespace='org.eclipse.equinox.p2.iu' name='com.ibm.etools.zunit.ui.editor' range='0.0.0'/>
          </from>
          <to>
            <required namespace='org.eclipse.equinox.p2.iu' name='com.ibm.etools.zunit.ui.editor' range='[1.0.3.v201808241120,1.0.3.v201808241120]'/>
          </to>
        </change>
        <change>
          <from>
            <required namespace='org.eclipse.equinox.p2.iu' name='com.ibm.etools.zunit.batch.model' range='0.0.0'/>
          </from>
          <to>
            <required namespace='org.eclipse.equinox.p2.iu' name='com.ibm.etools.zunit.batch.model' range='[1.1.101.v201808241120,1.1.101.v201808241120]'/>
          </to>
        </change>
      </changes>
      <lifeCycle>
        <required namespace='org.eclipse.equinox.p2.iu' name='com.ibm.etools.zunit.feature.feature.group' range='0.0.0' greedy='false'/>
      </lifeCycle>
      <update id='WI_74569_V14131.feature.group' range='[0.0.0,1.0.0)' severity='0'/>
      <properties size='5'>
        <property name='org.eclipse.equinox.p2.type.patch' value='true'/>
        <property name='org.eclipse.equinox.p2.name' value='WI_74569_V14131'/>
        <property name='org.eclipse.equinox.p2.description' value='[Enter Feature Description here.]'/>
        <property name='org.eclipse.equinox.p2.description.url' value='http://www.example.com/description'/>
        <property name='org.eclipse.equinox.p2.type.group' value='true'/>
      </properties>
      <provides size='1'>
        <provided namespace='org.eclipse.equinox.p2.iu' name='WI_74569_V14131.feature.group' version='1.0.0'/>
      </provides>
      <requires size='1'>
        <required namespace='org.eclipse.equinox.p2.iu' name='WI_74569_V14131.feature.jar' range='[1.0.0,1.0.0]'>
          <filter>
            (org.eclipse.update.install.features=true)
          </filter>
        </required>
      </requires>
      <touchpoint id='null' version='0.0.0'/>
      <licenses size='1'>
        <license uri='http://www.example.com/license' url='http://www.example.com/license'>
          [Enter License Description here.]
        </license>
      </licenses>
      <copyright uri='http://www.example.com/copyright' url='http://www.example.com/copyright'>
        [Enter Copyright Description here.]
      </copyright>
    </unit>
    <unit id='com.ibm.etools.zunit.common' version='1.3.101.v201808241120'>
      <update id='com.ibm.etools.zunit.common' range='[0.0.0,1.3.101.v201808241120)' severity='0'/>
      <properties size='5'>
        <property name='df_LT.pluginName' value='zIDE zUnit Common Generator'/>
        <property name='df_LT.providerName' value='IBM'/>
        <property name='org.eclipse.equinox.p2.name' value='%pluginName'/>
        <property name='org.eclipse.equinox.p2.provider' value='%providerName'/>
        <property name='org.eclipse.equinox.p2.bundle.localization' value='plugin'/>
      </properties>
      <provides size='13'>
        <provided namespace='org.eclipse.equinox.p2.iu' name='com.ibm.etools.zunit.common' version='1.3.101.v201808241120'/>
        <provided namespace='osgi.bundle' name='com.ibm.etools.zunit.common' version='1.3.101.v201808241120'/>
        <provided namespace='java.package' name='com.ibm.etools.zunit.common' version='0.0.0'/>
        <provided namespace='java.package' name='com.ibm.etools.zunit.exception' version='0.0.0'/>
        <provided namespace='java.package' name='com.ibm.etools.zunit.extensions' version='0.0.0'/>
        <provided namespace='java.package' name='com.ibm.etools.zunit.extensions.importdata' version='0.0.0'/>
        <provided namespace='java.package' name='com.ibm.etools.zunit.extensions.importdata.model' version='0.0.0'/>
        <provided namespace='java.package' name='com.ibm.etools.zunit.extensions.util' version='0.0.0'/>
        <provided namespace='java.package' name='com.ibm.etools.zunit.extensions.util.model' version='0.0.0'/>
        <provided namespace='java.package' name='com.ibm.etools.zunit.extensions.util.model.impl' version='0.0.0'/>
        <provided namespace='java.package' name='com.ibm.etools.zunit.util' version='0.0.0'/>
        <provided namespace='org.eclipse.equinox.p2.eclipse.type' name='bundle' version='1.0.0'/>
        <provided namespace='org.eclipse.equinox.p2.localization' name='df_LT' version='1.0.0'/>
      </provides>
      <requires size='11'>
        <required namespace='osgi.bundle' name='org.eclipse.ui' range='0.0.0'/>
        <required namespace='osgi.bundle' name='org.eclipse.core.runtime' range='0.0.0'/>
        <required namespace='osgi.bundle' name='com.ibm.ftt.mvs.client.validation' range='0.0.0'/>
        <required namespace='osgi.bundle' name='com.ibm.ftt.resources.core' range='0.0.0'/>
        <required namespace='osgi.bundle' name='com.ibm.ftt.resources.zos' range='0.0.0'/>
        <required namespace='osgi.bundle' name='com.ibm.ftt.projects.zos' range='0.0.0'/>
        <required namespace='osgi.bundle' name='com.ibm.ftt.ui.rse.utils' range='0.0.0'/>
        <required namespace='osgi.bundle' name='org.eclipse.rse.services' range='0.0.0'/>
        <required namespace='osgi.bundle' name='com.ibm.icu' range='0.0.0'/>
        <required namespace='osgi.bundle' name='com.ibm.ftt.common.tracing' range='0.0.0'/>
        <required namespace='osgi.bundle' name='com.ibm.etools.cobol' range='[7.0.0,8.0.0)'/>
      </requires>
      <artifacts size='1'>
        <artifact classifier='osgi.bundle' id='com.ibm.etools.zunit.common' version='1.3.101.v201808241120'/>
      </artifacts>
      <touchpoint id='org.eclipse.equinox.p2.osgi' version='1.0.0'/>
      <touchpointData size='1'>
        <instructions size='1'>
          <instruction key='manifest'>
            Bundle-SymbolicName: com.ibm.etools.zunit.common;singleton:=true&#xA;Bundle-Version: 1.3.101.v201808241120
          </instruction>
        </instructions>
      </touchpointData>
    </unit>
    <unit id='com.ibm.etools.zunit.batch' version='1.0.5.v201808241120'>
      <update id='com.ibm.etools.zunit.batch' range='[0.0.0,1.0.5.v201808241120)' severity='0'/>
      <properties size='2'>
        <property name='org.eclipse.equinox.p2.name' value='%pluginName'/>
        <property name='org.eclipse.equinox.p2.provider' value='IBM'/>
      </properties>
      <provides size='5'>
        <provided namespace='org.eclipse.equinox.p2.iu' name='com.ibm.etools.zunit.batch' version='1.0.5.v201808241120'/>
        <provided namespace='osgi.bundle' name='com.ibm.etools.zunit.batch' version='1.0.5.v201808241120'/>
        <provided namespace='java.package' name='com.ibm.etools.zunit.batch.processing' version='0.0.0'/>
        <provided namespace='java.package' name='com.ibm.etools.zunit.batch.util' version='0.0.0'/>
        <provided namespace='org.eclipse.equinox.p2.eclipse.type' name='bundle' version='1.0.0'/>
      </provides>
      <requires size='20'>
        <required namespace='osgi.bundle' name='org.eclipse.ui' range='0.0.0'/>
        <required namespace='osgi.bundle' name='org.eclipse.core.runtime' range='0.0.0'/>
        <required namespace='osgi.bundle' name='org.eclipse.core.resources' range='0.0.0'/>
        <required namespace='osgi.bundle' name='com.ibm.ftt.common.tracing' range='0.0.0'/>
        <required namespace='osgi.bundle' name='com.ibm.systemz.common.editor' range='0.0.0'/>
        <required namespace='osgi.bundle' name='com.ibm.systemz.cobol.editor.core' range='0.0.0'/>
        <required namespace='osgi.bundle' name='org.eclipse.jface.text' range='0.0.0'/>
        <required namespace='osgi.bundle' name='com.ibm.etools.zunit.common' range='0.0.0'/>
        <required namespace='osgi.bundle' name='com.ibm.systemz.cobol.editor.core.copy' range='0.0.0'/>
        <required namespace='osgi.bundle' name='com.ibm.etools.zunit.cobol2xsd' range='0.0.0'/>
        <required namespace='osgi.bundle' name='com.ibm.etools.zunit.ast' range='0.0.0'/>
        <required namespace='osgi.bundle' name='org.eclipse.xsd' range='0.0.0'/>
        <required namespace='osgi.bundle' name='com.ibm.etools.cobol' range='0.0.0'/>
        <required namespace='osgi.bundle' name='com.ibm.etools.zunit.batch.model' range='0.0.0'/>
        <required namespace='osgi.bundle' name='com.ibm.ccl.pli' range='0.0.0'/>
        <required namespace='osgi.bundle' name='com.ibm.etools.zunit.gen' range='0.0.0'/>
        <required namespace='osgi.bundle' name='com.ibm.etools.zunit.cobol.converter' range='0.0.0'/>
        <required namespace='osgi.bundle' name='com.ibm.systemz.pl1.editor.core.include' range='0.0.0'/>
        <required namespace='osgi.bundle' name='com.ibm.etools.zunit.pli2xsd' range='0.0.0'/>
        <required namespace='osgi.bundle' name='com.ibm.systemz.pl1.editor.core2' range='0.0.0'/>
      </requires>
      <artifacts size='1'>
        <artifact classifier='osgi.bundle' id='com.ibm.etools.zunit.batch' version='1.0.5.v201808241120'/>
      </artifacts>
      <touchpoint id='org.eclipse.equinox.p2.osgi' version='1.0.0'/>
      <touchpointData size='1'>
        <instructions size='1'>
          <instruction key='manifest'>
            Bundle-SymbolicName: com.ibm.etools.zunit.batch;  singleton:=true&#xA;Bundle-Version: 1.0.5.v201808241120
          </instruction>
        </instructions>
      </touchpointData>
    </unit>
    <unit id='WI_74569_V14131.feature.jar' version='1.0.0'>
      <properties size='3'>
        <property name='org.eclipse.equinox.p2.name' value='WI_74569_V14131'/>
        <property name='org.eclipse.equinox.p2.description' value='[Enter Feature Description here.]'/>
        <property name='org.eclipse.equinox.p2.description.url' value='http://www.example.com/description'/>
      </properties>
      <provides size='3'>
        <provided namespace='org.eclipse.equinox.p2.iu' name='WI_74569_V14131.feature.jar' version='1.0.0'/>
        <provided namespace='org.eclipse.equinox.p2.eclipse.type' name='feature' version='1.0.0'/>
        <provided namespace='org.eclipse.update.feature' name='WI_74569_V14131' version='1.0.0'/>
      </provides>
      <filter>
        (org.eclipse.update.install.features=true)
      </filter>
      <artifacts size='1'>
        <artifact classifier='org.eclipse.update.feature' id='WI_74569_V14131' version='1.0.0'/>
      </artifacts>
      <touchpoint id='org.eclipse.equinox.p2.osgi' version='1.0.0'/>
      <touchpointData size='1'>
        <instructions size='1'>
          <instruction key='zipped'>
            true
          </instruction>
        </instructions>
      </touchpointData>
      <licenses size='1'>
        <license uri='http://www.example.com/license' url='http://www.example.com/license'>
          [Enter License Description here.]
        </license>
      </licenses>
      <copyright uri='http://www.example.com/copyright' url='http://www.example.com/copyright'>
        [Enter Copyright Description here.]
      </copyright>
    </unit>
    <unit id='com.ibm.etools.zunit.ast' version='2.0.2.v201808241120'>
      <update id='com.ibm.etools.zunit.ast' range='[0.0.0,2.0.2.v201808241120)' severity='0'/>
      <properties size='4'>
        <property name='df_LT.pluginName' value='zIDE zUnit Ast Analyzer'/>
        <property name='org.eclipse.equinox.p2.name' value='%pluginName'/>
        <property name='org.eclipse.equinox.p2.provider' value='IBM'/>
        <property name='org.eclipse.equinox.p2.bundle.localization' value='plugin'/>
      </properties>
      <provides size='8'>
        <provided namespace='org.eclipse.equinox.p2.iu' name='com.ibm.etools.zunit.ast' version='2.0.2.v201808241120'/>
        <provided namespace='osgi.bundle' name='com.ibm.etools.zunit.ast' version='2.0.2.v201808241120'/>
        <provided namespace='java.package' name='com.ibm.etools.zunit.ast.cobol' version='0.0.0'/>
        <provided namespace='java.package' name='com.ibm.etools.zunit.ast.common' version='0.0.0'/>
        <provided namespace='java.package' name='com.ibm.etools.zunit.ast.pli' version='0.0.0'/>
        <provided namespace='java.package' name='com.ibm.etools.zunit.ast.util' version='0.0.0'/>
        <provided namespace='org.eclipse.equinox.p2.eclipse.type' name='bundle' version='1.0.0'/>
        <provided namespace='org.eclipse.equinox.p2.localization' name='df_LT' version='1.0.0'/>
      </provides>
      <requires size='8'>
        <required namespace='osgi.bundle' name='org.eclipse.ui' range='0.0.0'/>
        <required namespace='osgi.bundle' name='org.eclipse.core.runtime' range='0.0.0'/>
        <required namespace='osgi.bundle' name='com.ibm.systemz.cobol.editor.core' range='0.0.0'/>
        <required namespace='osgi.bundle' name='com.ibm.etools.zunit.gen.model' range='0.0.0'/>
        <required namespace='osgi.bundle' name='com.ibm.etools.zunit.common' range='0.0.0'/>
        <required namespace='osgi.bundle' name='com.ibm.icu' range='0.0.0'/>
        <required namespace='osgi.bundle' name='com.ibm.ftt.common.tracing' range='0.0.0'/>
        <required namespace='osgi.bundle' name='com.ibm.systemz.pl1.editor.core2' range='0.0.0'/>
      </requires>
      <artifacts size='1'>
        <artifact classifier='osgi.bundle' id='com.ibm.etools.zunit.ast' version='2.0.2.v201808241120'/>
      </artifacts>
      <touchpoint id='org.eclipse.equinox.p2.osgi' version='1.0.0'/>
      <touchpointData size='1'>
        <instructions size='1'>
          <instruction key='manifest'>
            Bundle-SymbolicName: com.ibm.etools.zunit.ast;  singleton:=true&#xA;Bundle-Version: 2.0.2.v201808241120
          </instruction>
        </instructions>
      </touchpointData>
    </unit>
    <unit id='com.ibm.etools.zunit.ui.editor' version='1.0.3.v201808241120'>
      <update id='com.ibm.etools.zunit.ui.editor' range='[0.0.0,1.0.3.v201808241120)' severity='0'/>
      <properties size='5'>
        <property name='df_LT.BundleName' value='IBM z/OS Automated Unit Testing Framework Test Entry Data Editor Plug-in'/>
        <property name='df_LT.BundleVendor' value='IBM'/>
        <property name='org.eclipse.equinox.p2.name' value='%BundleName'/>
        <property name='org.eclipse.equinox.p2.provider' value='%BundleVendor'/>
        <property name='org.eclipse.equinox.p2.bundle.localization' value='plugin'/>
      </properties>
      <provides size='20'>
        <provided namespace='org.eclipse.equinox.p2.iu' name='com.ibm.etools.zunit.ui.editor' version='1.0.3.v201808241120'/>
        <provided namespace='osgi.bundle' name='com.ibm.etools.zunit.ui.editor' version='1.0.3.v201808241120'/>
        <provided namespace='java.package' name='com.ibm.etools.zunit.ui.editor' version='0.0.0'/>
        <provided namespace='java.package' name='com.ibm.etools.zunit.ui.editor.actions' version='0.0.0'/>
        <provided namespace='java.package' name='com.ibm.etools.zunit.ui.editor.actions.util' version='0.0.0'/>
        <provided namespace='java.package' name='com.ibm.etools.zunit.ui.editor.core' version='0.0.0'/>
        <provided namespace='java.package' name='com.ibm.etools.zunit.ui.editor.core.util' version='0.0.0'/>
        <provided namespace='java.package' name='com.ibm.etools.zunit.ui.editor.image' version='0.0.0'/>
        <provided namespace='java.package' name='com.ibm.etools.zunit.ui.editor.model' version='0.0.0'/>
        <provided namespace='java.package' name='com.ibm.etools.zunit.ui.editor.model.bridge' version='0.0.0'/>
        <provided namespace='java.package' name='com.ibm.etools.zunit.ui.editor.model.config' version='0.0.0'/>
        <provided namespace='java.package' name='com.ibm.etools.zunit.ui.editor.model.config.impl' version='0.0.0'/>
        <provided namespace='java.package' name='com.ibm.etools.zunit.ui.editor.model.data' version='0.0.0'/>
        <provided namespace='java.package' name='com.ibm.etools.zunit.ui.editor.model.data.impl' version='0.0.0'/>
        <provided namespace='java.package' name='com.ibm.etools.zunit.ui.editor.model.exception' version='0.0.0'/>
        <provided namespace='java.package' name='com.ibm.etools.zunit.ui.editor.model.logical' version='0.0.0'/>
        <provided namespace='java.package' name='com.ibm.etools.zunit.ui.editor.model.util' version='0.0.0'/>
        <provided namespace='java.package' name='com.ibm.etools.zunit.ui.editor.provider' version='0.0.0'/>
        <provided namespace='org.eclipse.equinox.p2.eclipse.type' name='bundle' version='1.0.0'/>
        <provided namespace='org.eclipse.equinox.p2.localization' name='df_LT' version='1.0.0'/>
      </provides>
      <requires size='14'>
        <required namespace='osgi.bundle' name='org.eclipse.ui' range='0.0.0'/>
        <required namespace='osgi.bundle' name='org.eclipse.core.runtime' range='0.0.0'/>
        <required namespace='osgi.bundle' name='com.ibm.etools.zunit.batch' range='0.0.0'/>
        <required namespace='osgi.bundle' name='com.ibm.etools.zunit.batch.model' range='0.0.0'/>
        <required namespace='osgi.bundle' name='com.ibm.etools.zunit.common' range='0.0.0'/>
        <required namespace='osgi.bundle' name='com.ibm.etools.zunit.ui' range='0.0.0'/>
        <required namespace='osgi.bundle' name='org.eclipse.core.resources' range='0.0.0'/>
        <required namespace='osgi.bundle' name='org.eclipse.ui.ide' range='0.0.0'/>
        <required namespace='osgi.bundle' name='org.eclipse.rse.ui' range='0.0.0'/>
        <required namespace='osgi.bundle' name='com.ibm.ftt.common.tracing' range='0.0.0'/>
        <required namespace='osgi.bundle' name='com.ibm.ftt.core.impl' range='0.0.0'/>
        <required namespace='osgi.bundle' name='com.ibm.ftt.ui.rse.utils' range='0.0.0'/>
        <required namespace='osgi.bundle' name='com.ibm.ftt.resources.zos' range='0.0.0'/>
        <required namespace='osgi.bundle' name='com.ibm.etools.zunit.gen.model' range='0.0.0'/>
      </requires>
      <artifacts size='1'>
        <artifact classifier='osgi.bundle' id='com.ibm.etools.zunit.ui.editor' version='1.0.3.v201808241120'/>
      </artifacts>
      <touchpoint id='org.eclipse.equinox.p2.osgi' version='1.0.0'/>
      <touchpointData size='1'>
        <instructions size='1'>
          <instruction key='manifest'>
            Bundle-SymbolicName: com.ibm.etools.zunit.ui.editor;singleton:=true&#xA;Bundle-Version: 1.0.3.v201808241120
          </instruction>
        </instructions>
      </touchpointData>
    </unit>
    <unit id='com.ibm.etools.zunit.ui' version='1.2.4.v201808241120'>
      <update id='com.ibm.etools.zunit.ui' range='[0.0.0,1.2.4.v201808241120)' severity='0'/>
      <properties size='5'>
        <property name='df_LT.BundleName' value='IBM z/OS Automated Unit Testing Framework UI Plug-in'/>
        <property name='df_LT.BundleVendor' value='IBM'/>
        <property name='org.eclipse.equinox.p2.name' value='%BundleName'/>
        <property name='org.eclipse.equinox.p2.provider' value='%BundleVendor'/>
        <property name='org.eclipse.equinox.p2.bundle.localization' value='plugin'/>
      </properties>
      <provides size='8'>
        <provided namespace='org.eclipse.equinox.p2.iu' name='com.ibm.etools.zunit.ui' version='1.2.4.v201808241120'/>
        <provided namespace='osgi.bundle' name='com.ibm.etools.zunit.ui' version='1.2.4.v201808241120'/>
        <provided namespace='java.package' name='com.ibm.etools.zunit.ui' version='0.0.0'/>
        <provided namespace='java.package' name='com.ibm.etools.zunit.ui.dialog' version='0.0.0'/>
        <provided namespace='java.package' name='com.ibm.etools.zunit.ui.manager' version='0.0.0'/>
        <provided namespace='java.package' name='com.ibm.etools.zunit.ui.util' version='0.0.0'/>
        <provided namespace='org.eclipse.equinox.p2.eclipse.type' name='bundle' version='1.0.0'/>
        <provided namespace='org.eclipse.equinox.p2.localization' name='df_LT' version='1.0.0'/>
      </provides>
      <requires size='47'>
        <required namespace='osgi.bundle' name='org.eclipse.ui' range='0.0.0'/>
        <required namespace='osgi.bundle' name='org.eclipse.core.runtime' range='0.0.0'/>
        <required namespace='osgi.bundle' name='org.eclipse.ui.ide' range='0.0.0'/>
        <required namespace='osgi.bundle' name='com.ibm.ftt.mvs.client.validation' range='0.0.0'/>
        <required namespace='osgi.bundle' name='com.ibm.ftt.projects.zos' range='0.0.0'/>
        <required namespace='osgi.bundle' name='com.ibm.ftt.resources.zos' range='0.0.0'/>
        <required namespace='osgi.bundle' name='com.ibm.ftt.rse.mvs.client.ui' range='0.0.0'/>
        <required namespace='osgi.bundle' name='com.ibm.ftt.rse.mvs.util' range='0.0.0'/>
        <required namespace='osgi.bundle' name='com.ibm.ftt.ui.actions' range='0.0.0'/>
        <required namespace='osgi.bundle' name='com.ibm.ftt.ui.rse.utils' range='0.0.0'/>
        <required namespace='osgi.bundle' name='com.ibm.ftt.ui.resources.core' range='0.0.0'/>
        <required namespace='osgi.bundle' name='org.eclipse.rse.ui' range='0.0.0'/>
        <required namespace='osgi.bundle' name='org.eclipse.rse.subsystems.files.core' range='0.0.0'/>
        <required namespace='osgi.bundle' name='org.eclipse.rse.services' range='0.0.0'/>
        <required namespace='osgi.bundle' name='com.ibm.ftt.ui.views.navigator' range='0.0.0'/>
        <required namespace='osgi.bundle' name='com.ibm.ftt.ui.common.project.navigator' range='0.0.0'/>
        <required namespace='osgi.bundle' name='com.ibm.etools.zunit.ast' range='0.0.0'/>
        <required namespace='osgi.bundle' name='com.ibm.etools.zunit.common' range='0.0.0'/>
        <required namespace='osgi.bundle' name='com.ibm.etools.zunit.gen' range='0.0.0'/>
        <required namespace='osgi.bundle' name='com.ibm.etools.zunit.gen.model' range='0.0.0'/>
        <required namespace='osgi.bundle' name='com.ibm.etools.zunit.batch' range='0.0.0'/>
        <required namespace='osgi.bundle' name='com.ibm.etools.zunit.batch.model' range='0.0.0'/>
        <required namespace='osgi.bundle' name='com.ibm.ftt.ui.resources.zos' range='0.0.0'/>
        <required namespace='osgi.bundle' name='com.ibm.ftt.rse.mvs.client' range='0.0.0'/>
        <required namespace='osgi.bundle' name='com.ibm.ftt.common.tracing' range='0.0.0'/>
        <required namespace='osgi.bundle' name='org.eclipse.emf.ecore' range='0.0.0'/>
        <required namespace='osgi.bundle' name='org.eclipse.emf.ecore.xmi' range='0.0.0'/>
        <required namespace='osgi.bundle' name='org.eclipse.core.resources' range='0.0.0'/>
        <required namespace='osgi.bundle' name='com.ibm.rdz.dde.zunit.model' range='0.0.0'/>
        <required namespace='osgi.bundle' name='com.ibm.ftt.ui.properties.formpages' range='0.0.0'/>
        <required namespace='osgi.bundle' name='com.ibm.ftt.ui.propertypages' range='0.0.0'/>
        <required namespace='osgi.bundle' name='com.ibm.ftt.ui.projects.actions' range='0.0.0'/>
        <required namespace='osgi.bundle' name='com.ibm.ftt.properties.extensionpoints' range='0.0.0'/>
        <required namespace='osgi.bundle' name='com.ibm.ftt.services.impl' range='0.0.0'/>
        <required namespace='osgi.bundle' name='com.ibm.ftt.jes.util' range='0.0.0'/>
        <required namespace='osgi.bundle' name='com.ibm.etools.zos.subsystem.jes' range='0.0.0'/>
        <required namespace='osgi.bundle' name='com.ibm.ftt.services' range='0.0.0'/>
        <required namespace='osgi.bundle' name='com.ibm.ftt.language.manager' range='0.0.0'/>
        <required namespace='osgi.bundle' name='com.ibm.ftt.language.manager.impl' range='0.0.0'/>
        <required namespace='osgi.bundle' name='com.ibm.ccl.pli' range='0.0.0'/>
        <required namespace='osgi.bundle' name='com.ibm.etools.cobol' range='0.0.0'/>
        <required namespace='osgi.bundle' name='com.ibm.ftt.projects.local' range='0.0.0'/>
        <required namespace='osgi.bundle' name='com.ibm.icu' range='0.0.0'/>
        <required namespace='osgi.bundle' name='com.ibm.ftt.resource.utils' range='0.0.0'/>
        <required namespace='osgi.bundle' name='com.ibm.lpex' range='0.0.0'/>
        <required namespace='osgi.bundle' name='com.ibm.etools.rdz.license' range='0.0.0'/>
        <required namespace='osgi.bundle' name='com.ibm.ftt.core' range='0.0.0'/>
      </requires>
      <artifacts size='1'>
        <artifact classifier='osgi.bundle' id='com.ibm.etools.zunit.ui' version='1.2.4.v201808241120'/>
      </artifacts>
      <touchpoint id='org.eclipse.equinox.p2.osgi' version='1.0.0'/>
      <touchpointData size='1'>
        <instructions size='1'>
          <instruction key='manifest'>
            Bundle-SymbolicName: com.ibm.etools.zunit.ui;singleton:=true&#xA;Bundle-Version: 1.2.4.v201808241120
          </instruction>
        </instructions>
      </touchpointData>
    </unit>
    <unit id='com.ibm.etools.zunit.batch.model' version='1.1.101.v201808241120'>
      <update id='com.ibm.etools.zunit.batch.model' range='[0.0.0,1.1.101.v201808241120)' severity='0'/>
      <properties size='5'>
        <property name='df_LT.pluginName' value='BatchModel Model'/>
        <property name='df_LT.providerName' value='www.example.org'/>
        <property name='org.eclipse.equinox.p2.name' value='%pluginName'/>
        <property name='org.eclipse.equinox.p2.provider' value='%providerName'/>
        <property name='org.eclipse.equinox.p2.bundle.localization' value='plugin'/>
      </properties>
      <provides size='7'>
        <provided namespace='org.eclipse.equinox.p2.iu' name='com.ibm.etools.zunit.batch.model' version='1.1.101.v201808241120'/>
        <provided namespace='osgi.bundle' name='com.ibm.etools.zunit.batch.model' version='1.1.101.v201808241120'/>
        <provided namespace='java.package' name='com.ibm.etools.zunit.batch.batchModel' version='0.0.0'/>
        <provided namespace='java.package' name='com.ibm.etools.zunit.batch.batchModel.impl' version='0.0.0'/>
        <provided namespace='java.package' name='com.ibm.etools.zunit.batch.batchModel.util' version='0.0.0'/>
        <provided namespace='org.eclipse.equinox.p2.eclipse.type' name='bundle' version='1.0.0'/>
        <provided namespace='org.eclipse.equinox.p2.localization' name='df_LT' version='1.0.0'/>
      </provides>
      <requires size='2'>
        <required namespace='osgi.bundle' name='org.eclipse.core.runtime' range='0.0.0'/>
        <required namespace='osgi.bundle' name='org.eclipse.emf.ecore' range='0.0.0'/>
      </requires>
      <artifacts size='1'>
        <artifact classifier='osgi.bundle' id='com.ibm.etools.zunit.batch.model' version='1.1.101.v201808241120'/>
      </artifacts>
      <touchpoint id='org.eclipse.equinox.p2.osgi' version='1.0.0'/>
      <touchpointData size='1'>
        <instructions size='1'>
          <instruction key='manifest'>
            Bundle-SymbolicName: com.ibm.etools.zunit.batch.model;singleton:=true&#xA;Bundle-Version: 1.1.101.v201808241120
          </instruction>
        </instructions>
      </touchpointData>
    </unit>
  </units>
</repository>
